id_par,indp_code,id_com,dep_code,parcelle,section,pre,coar,supf,feuille,geom
66366000AB0254,01,66366,66,0254,AB,000,"",2024.0,1,01060000206A080000010000000103000000010000000E0000005182138BCEB92541D5AC26C8867C57415196DEA1CFB92541D591F724867C5741517E6B65D3B92541D57DA79D837C574151EAC250D7B92541D5F572EC807C5741512C0E8CD8B92541D5D95E117E7C5741514033AADAB92541D5E5E51C7A7C5741514AD853DBB92541D5FBC4B3787C5741D16B90AADBB92541D523649A747C5741D1023C9CDBB92541D5BBF150707C5741D1E28B6ECCB92541D5FB41196F7C5741D182116BBCB92541D56F45F26D7C5741D1E2CC66A0B92541D5CF1230857C5741D1725F1CA8B92541D56B337E857C57415182138BCEB92541D5AC26C8867C5741
66366000AB0255,01,66366,66,0255,AB,000,"",10418.0,1,01060000206A080000010000000103000000010000001B000000178C116BBCB92541127345F26D7C574117ECCC66A0B9254112D31230857C5741174C6D1782B9254112756149847C574117CC8C055AB9254112A91B29837C5741175052C857B9254112F9A52F807C5741177030D54FB9254112CEDE55807C57411770F27846B92541126E008C7A7C57411700CA6C41B9254112D61D9C777C57411700B3DB07B92541D28C09B4777C57411780815DE5B82541424F6CB7777C57411760E9DEDDB825414247801C747C57411748A291DBB8254142D162D9727C574117E46665D8B8254142DD3759707C574117B4E956D3B8254142958C6D6C7C57411734DD81C8B82541420D5021687C5741176BE59DC7B8254142218708667C574117A5B663C6B82541424503FF637C574117951F7ACEB825414285318B5F7C5741176D9965D5B82541421CE5B95F7C574117AD7ABAE5B8254142550B44607C574117AD015B0DB9254142AFDB3E627C5741176D172424B9254142CFC15B637C574117ED716234B92541425B286F647C574117AD4E335FB9254142234863677C574117AD10B87FB9254142AB59AB697C574117ADA2F3A9B9254142F7D59D6C7C5741178C116BBCB92541127345F26D7C5741
66366000AB0059,01,66366,66,0059,AB,000,"",1913.0,1,01060000206A08000001000000010300000001000000090000007100A34D3CB9254194AAD393937C57417120D30726B92541D408D95A937C574171E0A46BE7B82541D45D07BF927C57417160C898B9B825415485184F927C574171808FE8AFB825415425A4258C7C574171C09A05BCB82541B347AC258C7C574171C08D1B43B92541B3E095D58B7C57417128BFB23DB92541B370F358927C57417100A34D3CB9254194AAD393937C5741
66366000AB0260,01,66366,66,0260,AB,000,"",13440.0,1,01060000206A0800000100000001030000000100000031000000EB21D8EA47B8254157ECA2645D7C5741EBA1436060B82541574557215E7C5741EBC1B5B072B8254157A3EC915E7C5741EB21A16489B82541D73A15DE5E7C5741EBD1AF7196B82541776CCDE85E7C5741EBF129B6AFB82541367B7FE85E7C5741EBB1321AC6B82541B6AAE7535F7C5741EB911F7ACEB82541B697318B5F7C5741EBA1B663C6B82541B65703FF637C5741EB67E59DC7B82541B6338708667C5741EB30DD81C8B82541B61F5021687C5741EBB0E956D3B82541B6A78C6D6C7C5741EBE06665D8B82541B6EF3759707C5741EB44A291DBB82541B6E362D9727C5741EB5CE9DEDDB82541B659801C747C5741EB7C815DE5B82541B6616CB7777C5741EBFCB2DB07B92541469F09B4777C5741EBFCC96C41B9254186E81D9C777C5741EB6CF27846B925418680008C7A7C5741EB6C30D54FB9254186E0DE55807C5741EB4C52C857B92541860BA62F807C5741EBC88C055AB9254186BB1B29837C5741EBC85A284BB9254186BB49D68B7C5741EB388E1B43B9254180E395D58B7C5741EB389B05BCB82541804AAC258C7C5741EBF88FE8AFB825412128A4258C7C5741EB5828BCA1B8254121EEDD958A7C5741EB1891969AB8254121564871867C5741EBA0087C95B82541214E93D1837C5741EB4A0F2E94B8254121984A27837C5741EB222F5791B825412144B371817C5741EBBAD3818EB8254121A8F1BF7F7C5741EB0A0BE78BB8254121DC10C67D7C5741EB2A7EDA87B82541211020227B7C5741EBE26A3786B82541218E9DEE797C57416B7B4F0A86B82541E1C95FCA797C57416B0B97D480B82541E1919E40777C57416B6B50387CB82541E105D0E9747C57416BFEAA967BB82541E1870ABC747C57416B0CF69779B82541E16C6E25747C57416BDCF2E96EB82541E130CAF3717C57416B20DD946BB82541E1C10A2C717C57416B7A66D669B82541616D2AC3707C57416B1A160C5FB825416135DBB86C7C57416BD2D88058B8254161B5F6266A7C57416B423AEB51B82541611D0578667C57416B7AEA764FB825416155DE5D647C57416B3248784BB8254161E18599607C5741EB21D8EA47B8254157ECA2645D7C5741
66366000AB0252,01,66366,66,0252,AB,000,"",122.0,1,01060000206A080000010000000103000000010000000C00000095BC1284EDB62541ECA883AF4E7C57419528EE74F1B62541AC4603E14E7C5741951830EEFBB62541AC83C8634F7C574195481D57FFB62541AC597CBF4E7C57419570F75006B72541ACE624604F7C5741952752A206B725412C8D8B514F7C574195033F8608B725415C31E1564F7C574195539F060DB725415C06A86B4E7C57419567220A0FB725415CD26D494D7C57419547D579FAB625415CB873BA4C7C574195AB82BFF7B625415CE6749D4C7C574195BC1284EDB62541ECA883AF4E7C5741
66366000AB0257,01,66366,66,0257,AB,000,"",61.0,1,01060000206A08000001000000010300000001000000050000009D7C79F7B8B625411C5D7DC8677C57419D3C3C78A4B625411C6A48C9667C57419D2446D4A9B625411CB8888E657C57419D643DE0BDB625411C0B6887667C57419D7C79F7B8B625411C5D7DC8677C5741
66366000AB0256,01,66366,66,0256,AB,000,"",59.0,1,01060000206A08000001000000010300000001000000060000008C3246D4A9B62541F1B7888E657C57418C32493AAFB62541F1311553647C57418CB274FFC0B62541F1EBEE35657C57418C2273CDC1B62541F1480786657C57418C663DE0BDB62541F10A6887667C57418C3246D4A9B62541F1B7888E657C5741
66366000AB0015,01,66366,66,0015,AB,000,"",7.0,1,01060000206A0800000100000001030000000100000005000000C7FC8098FCB525413B09E744477C5741C714F73701B62541FBF38736477C5741C76765E401B62541FB3620DA477C5741C767BFE0FCB52541CBC26DE1477C5741C7FC8098FCB525413B09E744477C5741
66366000AB0122,01,66366,66,0122,AB,000,"",280.0,1,01060000206A0800000100000001030000000100000014000000C0377B3AC1B6254190647FEB4C7C5741C003C200C0B62541B0ABC4F54C7C5741C01B54B6C2B62541B0A3EB804F7C5741C01BF9B6CAB625419099F1624F7C5741C0C7AC33CCB62541108CF6DA4F7C5741C007B70BCFB6254110ED1B29507C5741C07B2589D2B62541504B013A507C5741C007F6ECD5B6254150862917507C5741C017D2CED8B62541D029EAC84F7C5741C0E576C9D9B62541D018066D4F7C5741C0EC264EDAB62541D0B9D92A4F7C5741C0C40037E2B62541308781114F7C5741489F3032E2B625413005CEC14D7C574148550F39E1B6254130CB8C5C4C7C574148658AEDD8B62541F02DA9724C7C5741487188B9D7B62541F0B747E04A7C574148F10926C7B62541702D73154B7C574102C86426C7B62541B0EE2B3D4B7C574102B85561BFB62541306F4B564B7C5741C0377B3AC1B6254190647FEB4C7C5741
66366000AB0085,01,66366,66,0085,AB,000,"",510.0,1,01060000206A0800000100000001030000000100000009000000D5979DFC63B7254120DB9ACA537C5741D557E31E40B72541208FF78C517C5741D5F7530B3AB725412051EA76507C5741D567125D42B7254120B5DA464F7C5741D5E75E3C63B7254120650CEE4B7C5741D597AA4870B7254120D28F374C7C5741D59F17796DB72541207EF930507C5741D56360306BB72541200031C1517C5741D5979DFC63B7254120DB9ACA537C5741
66366000AB0132,01,66366,66,0132,AB,000,"",315.0,1,01060000206A080000010000000103000000010000000C000000B34C034027B72541FC796BA64D7C5741B3183CFD2AB72541FC4D17994E7C5741B3D828743EB72541FCB3B10C4E7C5741B3F029E440B72541FC7293D54D7C5741B370917451B72541FC4CFE614C7C5741B3E8431A57B72541FC92191F4B7C5741B394FB6259B72541FC8604514A7C5741B354EC815AB72541FCAEC274497C5741B334638347B72541FC6E4E0A4B7C5741B3B44D2038B72541FCE84C544C7C5741B38419122CB72541FC00BE554D7C5741B34C034027B72541FC796BA64D7C5741
66366000AB0133,01,66366,66,0133,AB,000,"",1080.0,1,01060000206A08000001000000010300000001000000190000008567EC815AB7254146AFC274497C57418547638347B72541466F4E0A4B7C574185C74D2038B7254146E94C544C7C5741859719122CB725414601BE554D7C57418557034027B72541C6796BA64D7C574185FFD1FD1FB72541C60F22074E7C5741854763D01DB72541C6FF35244E7C5741856FE57F19B72541C64397B34C7C57418543CFA21CB7254146022E884C7C574105EE063F1CB72541C6924E5B4C7C5741053051951AB72541C68EFE234B7C57410548C1AB1BB725418638391B4B7C5741056C385619B7254186FC40E7487C5741052875C916B725418613BFF9477C57410510F8F91CB7254186A9A0F8467C57410564DCAD1FB7254106B0D99D467C574105B45A152BB72541068C2421457C574105045DB526B72541064CA890417C57410538F05324B72541C63E0D85417C57410538219230B72541C6EEB1513F7C57410578349152B72541C6063769437C57410598EBE958B72541C6CA839F447C574105A89DA05CB72541C6BE4FB8467C574185BA95D25CB72541C6154E5D477C57418567EC815AB7254146AFC274497C5741
66366000AB0134,01,66366,66,0134,AB,000,"",370.0,1,01060000206A08000001000000010300000001000000120000004B23F05324B72541F33C0D85417C57414BEF5CB526B72541334AA890417C57414B9F5A152BB72541338A2421457C57414B4FDCAD1FB7254133AED99D467C57414BFBF7F91CB72541B3A7A0F8467C57414B1375C916B72541B311BFF9477C57414B0B495E12B72541B339A55F467C57414B5B294B0AB72541D300F74E467C57414B9B01DC06B72541735D3B48467C57414B4B6028FCB625417301E758457C57414BCB006FF8B6254173496DE4447C57414B3702BEFBB6254173DB9018447C57414B6FF7E802B7254173471573447C57414B1F8C030DB7254173A18B82427C57414B630DE10FB72541731189F5417C57414BBB95F013B72541737AFF23417C57414B431AC918B7254173C9174B417C57414B23F05324B72541F33C0D85417C5741
66366000AB0160,01,66366,66,0160,AB,000,"",140.0,1,01060000206A0800000100000001030000000100000012000000369616CCF9B6254103F31AAB3D7C57413672F8D0FBB62541439000B63D7C5741361291FEFEB62541C3FD54D93D7C574136C208A608B7254143AC21433E7C574136F423B806B7254143980E823F7C5741B60DB96906B725414366F4B13F7C5741B62B7CD805B7254143A2CF3E417C5741B65F647103B72541433E32C0417C5741B6BFD0F1F8B62541432646F5437C5741B6FFF878F3B6254143D80E1B457C5741B6375EAAEDB62541C3C45B5B457C5741B6553219EFB6254183CEFC21457C5741B645A1B2F3B625418398E7B3437C5741B695AD5CF9B6254183A2A3ED417C5741B66D863EFBB62541835F8A38417C5741B685A5ADFBB62541C3ED900D417C5741B66FDF94FAB62541C303B5173F7C5741369616CCF9B6254103F31AAB3D7C5741
66366000AB0161,01,66366,66,0161,AB,000,"",170.0,1,01060000206A0800000100000001030000000100000012000000A8C795F013B725417B7CFF23417C5741A87FE5D517B725417B1A555C407C5741A88F97901CB725417B440F693F7C5741A8430B591BB725417BD849113F7C5741A8A31A1413B725417B1698B63E7C5741A8C308A608B72541FBAB21433E7C5741A8F523B806B72541FB970E823F7C5741280FB96906B72541FB65F4B13F7C5741282D7CD805B72541FBA1CF3E417C57412861647103B72541FB3D32C0417C574128C1D0F1F8B62541FB2546F5437C57412801F978F3B62541FBD70E1B457C574128D9006FF8B625417B4B6DE4447C5741284502BEFBB625417BDD9018447C5741287DF7E802B725417B491573447C5741282D8C030DB725417BA38B82427C574128710DE10FB725417B1389F5417C5741A8C795F013B725417B7CFF23417C5741
66366000AB0158,01,66366,66,0158,AB,000,"",238.0,1,01060000206A0800000100000001030000000100000011000000872D5EAAEDB625411DC35B5B457C574187C1FBB8ECB625411DC58B23447C574187295DACEBB625411D38364F437C574187F59814E8B625411DE4BA74407C57418795014BE7B625411DEB28D53F7C57418737D13CE6B625411D27CE093F7C574187B7B114E4B625411D1B536F3D7C57418727B23BEFB62541DD9B39893D7C5741870F4AF3F6B625415DDCC09B3D7C5741879316CCF9B62541CDF11AAB3D7C5741875DDF94FAB62541CD01B5173F7C57418773A5ADFBB62541CDEB900D417C5741875B863EFBB625418D5D8A38417C57418783AD5CF9B625418DA0A3ED417C57418733A1B2F3B625418D96E7B3437C574187433219EFB625418DCCFC21457C5741872D5EAAEDB625411DC35B5B457C5741
66366000AB0130,01,66366,66,0130,AB,000,"",98.0,1,01060000206A08000001000000010300000001000000060000006C86610AF4B62541A7751F38497C57416CD69F58F6B62541A70B080C4B7C57416C0E71E6FCB6254127AD18514B7C57416CDED58F0BB7254167B3E1204B7C57416C12C75009B7254167E32FB1487C57416C86610AF4B62541A7751F38497C5741
66366000AB0131,01,66366,66,0131,AB,000,"",192.0,1,01060000206A080000010000000103000000010000000E0000006C86610AF4B62541A7751F38497C57416C60E604F3B62541A7C4DE68487C57416C8834C9F2B62541A7DC3C00467C57416C10156CF9B625412750D32C467C57416C246B7DFBB6254167D1394A467C57416C74A3C102B7254167A0C2B0467C57416C74EFC50FB7254167779D4D477C57416CC6021D10B72541A7645867477C57416C925BF211B72541A77C1DF0477C57416C86740715B72541A724E74C497C57416C81D4EB15B72541A7D22BFF4A7C57416CE1D58F0BB7254167B3E1204B7C57416C15C75009B7254167E32FB1487C57416C86610AF4B62541A7751F38497C5741
66366000AB0119,01,66366,66,0119,AB,000,"",227.0,1,01060000206A080000010000000103000000010000000B000000EAF17B47E4B6254139584F4C517C5741EAA9735CE0B6254139925B2C527C5741EA693D43D7B6254139441024517C5741EAC9FBB7C9B62541395852C9527C5741EAB0F6EEC9B62541B96D3347537C5741EAD0FAFEC6B6254139B18DA5537C5741EA303070DAB62541394BF177557C5741EAA0272CE4B6254139643E91547C5741EAA01EDAEFB625413994E06B537C5741EA08A5C3F4B62541395F22AE527C5741EAF17B47E4B6254139584F4C517C5741
66366000AB0120,01,66366,66,0120,AB,000,"",38.0,1,01060000206A08000001000000010300000001000000080000009B1BA5C3F4B625417A5F22AE527C57419BFB7B47E4B625417A574F4C517C57419B1F0CE8E7B625417AB34D7F507C57419BCF91D1F0B625417A691129517C57419BC9B309F0B625417AB8EB5C517C57419BC925F9F8B625417AB0C1FB517C57419B4307D8F7B62541FA9F3537527C57419B1BA5C3F4B625417A5F22AE527C5741
66366000AB0235,01,66366,66,0235,AB,000,"",122.0,1,01060000206A080000010000000103000000010000000B0000004C4E7C5BCCB625414DDCCB87457C57414C508BD8CDB625414DDAF5A8467C57414CECAAE1CEB6254125C765A5467C57414C88C614D1B62541257BBB41487C57414C281B45E2B62541258D7AED477C57414C24E822E0B6254125C11148467C57414C50B249E1B62541D598C241467C57414C8C0FFCDEB62541D5663696447C57414C7C2847D3B6254155EF1AC1447C57414C388211D4B6254155C49762457C57414C4E7C5BCCB625414DDCCB87457C5741
66366000AB0225,01,66366,66,0225,AB,000,"",163.0,1,01060000206A0800000100000001030000000100000011000000DF413871B2B62541C4494FE8447C5741DF9300DAB1B62541C4BEEDC7447C5741DF5B1514AFB62541C47895BE437C5741DF6371F6A7B62541C438FE20447C5741DF9BCF0CA3B62541C44EACF2427C5741DFAB512A99B62541C4780985437C5741DFDB9A1E97B62541C488042B447C5741DFFFE17498B62541C4FB7EB6447C5741DF3BC1169BB62541C40D003E457C5741DFC3724DA1B62541C4AC4838467C5741DF232F9DAAB62541C422A76F477C5741DFA99943ACB62541447DCF9B477C5741DF516331B2B6254144ED2CDB467C5741DF6D3220B4B62541241748BB467C5741DFB5C846B5B6254104CF84A7467C57411FDA0286B5B62541045D238F457C5741DF413871B2B62541C4494FE8447C5741
66366000AB0236,01,66366,66,0236,AB,000,"",130.0,1,01060000206A080000010000000103000000010000000B0000004C4E7C5BCCB625414DDCCB87457C57414C7ECAECC9B625414D8E9AAF437C57414CE046C2CAB62541253E14AB437C57414CCCF1CAC7B62541253C7EB0417C57414CECB747D9B62541A527205B417C57414CE4FC3DDCB62541A52FF85F437C57414CDEFB4CDDB62541F9DE4A5E437C57414C7E0FFCDEB62541F9623696447C57414C6E2847D3B6254179EB1AC1447C57414C2A8211D4B6254179C09762457C57414C4E7C5BCCB625414DDCCB87457C5741
66366000AB0127,01,66366,66,0127,AB,000,"",35.0,1,01060000206A08000001000000010300000001000000060000007B56F3FCB6B625415A1C78B3487C57417B2A12B6BAB625415A590468497C57417BBA7D09C8B625415A519221497C57417B36EBC4C5B625415A1B8FDA477C5741DB518CD7C5B625419AB90FA2477C57417B56F3FCB6B625415A1C78B3487C5741
66366000AB0226,01,66366,66,0226,AB,000,"",17.0,1,01060000206A0800000100000001030000000100000006000000DF413871B2B62541C4494FE8447C5741DF316579B9B6254144757883447C5741DF89C84AB6B6254144F9BC5A437C5741DF591514AFB62541C47795BE437C5741DF9100DAB1B62541C4BDEDC7447C5741DF413871B2B62541C4494FE8447C5741
66366000AB0227,01,66366,66,0227,AB,000,"",167.0,1,01060000206A080000010000000103000000010000001000000010528CD7C5B6254163B90FA2477C574150AB3B13C6B6254163E22702477C5741904A2FEFC5B625416364E4FE457C574190C220CDBEB6254163981AE6427C57419092C84AB6B6254163F9BC5A437C5741903A6579B9B6254163757883447C5741904A3871B2B62541E3494FE8447C574190E20286B5B62541E35D238F457C574150BEC846B5B62541E3CF84A7467C574150763220B4B62541031848BB467C5741505A6331B2B6254123EE2CDB467C574150B29943ACB62541237ECF9B477C5741503E667AAEB6254123A517D7477C574150E62FCCB5B6254123F3C479487C57415064F3FCB6B62541631D78B3487C574110528CD7C5B6254163B90FA2477C5741
66366000AB0126,01,66366,66,0126,AB,000,"",145.0,1,01060000206A0800000100000001030000000100000011000000A8CFE305B4B625411B03E3894C7C5741A86BF493B5B625411B5580854C7C574168294378B5B625411BBD76594C7C574168AD7908B9B625412B5A214C4C7C574168C5A20AB8B625412B3464804A7C574168999673B4B6254197D8777C4A7C5741E81AB327B4B62541976B9FF0497C5741E8729931B2B62541179F74B0497C5741E8BE0826B0B6254197BEDB6D497C5741E87E632EA7B62541171BE914497C5741E89A9D06A4B625419714FE40497C5741E8A0A5F1A2B6254197C81F9B497C5741E8289B979FB62541972CA8B24A7C574162BDDC979FB62541975C24B64B7C574162942966A0B62541974232BC4C7C574162C4BEA1A9B62541378BF5A34C7C5741A8CFE305B4B625411B03E3894C7C5741
66366000AB0123,01,66366,66,0123,AB,000,"",127.0,1,01060000206A080000010000000103000000010000000F0000009B550C3FB8B62541AA4C36D24F7C57419BA5A0DBB3B625416A93D2E94F7C57419B95D186A4B62541EA26223B507C57419BFCC815A5B625416A8137AE507C57419BF76FE8A5B625416A29E630517C57419B817C91A7B62541EADA878A517C57419B7B5DB7A8B625416A5ABFA8517C57419B23D468ABB62541EA9B15F0517C57419B3BC03CB1B62541EA27577F527C57419BEBB5C7B5B625416A219FBE527C57419B6B8C6BBCB62541B270DEB9527C57419B93E22FC3B62541B268BDA9517C57412BED0B3DC3B62541B25F8D49517C57412B999E85C1B62541B2D2ACBE507C57419B550C3FB8B62541AA4C36D24F7C5741
66366000AB0125,01,66366,66,0125,AB,000,"",110.0,1,01060000206A080000010000000103000000010000000C000000A8CFE305B4B625411B03E3894C7C5741A8CFBEA1A9B62541FB8AF5A34C7C5741A89F2966A0B625415B4232BC4C7C5741283E0BE2A0B625415B3FAF594D7C5741285CA204A2B625415B1BBA314E7C57412804BDF3A2B625415B375DE24E7C574128807A78A3B62541DBC482554F7C57412880AB0CB3B62541DBF2EE084F7C574128ADA0DBB3B62541DB93D2E94F7C5741285D0C3FB8B625411B4D36D24F7C57412881EE9DB5B625411B395BC84D7C5741A8CFE305B4B625411B03E3894C7C5741
66366000AB0110,01,66366,66,0110,AB,000,"",90.0,1,01060000206A080000010000000103000000010000000E000000E30B77FEA9B62541B5DC4219567C5741E383F1CBAEB62541B5767848557C5741E3E5F3D3AFB6254135C7441B557C5741E3555D39A8B6254135D3E3A6537C5741E3A5B412A5B62541B5679CFC537C5741E31519AC9CB62541B591104A527C5741E3E57BE694B62541B59A25F0527C5741E385031D9AB62541B502BCEA537C5741E3E1282496B6254135F6494D547C5741E3E6A5F996B6254135379C4B557C5741E33229FC99B62541F5B9190F557C5741E362755DA3B625417503F693547C5741E34A3579A8B62541757768BF557C5741E30B77FEA9B62541B5DC4219567C5741
66366000AB0112,01,66366,66,0112,AB,000,"",53.0,1,01060000206A080000010000000103000000010000000C00000046BA91FD98B62541AC238FC8557C574146B62AFB96B62541ACF0714F557C5741E6E6A5F996B625410C389C4B557C5741E63229FC99B62541CCBA190F557C5741E662755DA3B625414C04F693547C5741E64A3579A8B625414C7868BF557C5741E61477FEA9B62541CCDD4219567C5741E664EE5DA4B62541CCC8980E577C5741E66C49329FB62541CC2D3470567C5741E69884E59CB625414CFBA2B2567C5741E66CFC5799B625414CA0C8DD557C574146BA91FD98B62541AC238FC8557C5741
66366000AB0124,01,66366,66,0124,AB,000,"",29.0,1,01060000206A08000001000000010300000001000000050000001AA5A0DBB3B625416F93D2E94F7C57411A95D186A4B62541EF26223B507C57411A757A78A3B62541EFC382554F7C57411A75AB0CB3B62541EFF1EE084F7C57411AA5A0DBB3B625416F93D2E94F7C5741
66366000AB0111,01,66366,66,0111,AB,000,"",36.0,1,01060000206A0800000100000001030000000100000006000000C2585D39A8B62541D8D3E3A6537C5741C2EC0C56ABB625415811DF51537C5741C264CBE4AEB62541D8512DF3527C5741C25429D5B8B62541D85FA093537C5741C2E4F3D3AFB62541D8C7441B557C5741C2585D39A8B62541D8D3E3A6537C5741
66366000AB0118,01,66366,66,0118,AB,000,"",113.0,1,01060000206A080000010000000103000000010000000B00000048AC0158B2B625418A74F6CB557C574148FC98F6BAB625418ABA4534547C574148FCBC49CAB625418A63B4C7547C5741488CC14ECFB625418A611A6C557C574148ED0E09D0B625418A4AAA3F567C57414879977ACEB625418A9469AD577C574148813654C9B625418AA4F769577C574148C4F5F1C9B625410A885B26577C57414884F57BC5B625410A643AE8567C574148C4886ABBB625410A5BD85B567C574148AC0158B2B625418A74F6CB557C5741
66366000AB0148,01,66366,66,0148,AB,000,"",25.0,1,01060000206A080000010000000103000000010000000600000066C0886ABBB62541CC5BD85B567C574166B00158B2B62541CC74F6CB557C574166200E58ADB62541CCB99DB8567C574166B8F51DAFB625410CD7AFD9567C574166883FCBB8B625418CD42F52577C574166C0886ABBB62541CC5BD85B567C5741
66366000AB0115,01,66366,66,0115,AB,000,"",138.0,1,01060000206A080000010000000103000000010000000E0000007978977ACEB62541099569AD577C574179803654C9B6254109A5F769577C574179C3F5F1C9B6254189885B26577C57417983F57BC5B6254189643AE8567C574179C3886ABBB62541895BD85B567C574179833FCBB8B6254189D42F52577C574179772854B6B6254189228B39587C5741791F04E5B3B6254189A7151B597C5741797F5E7ABEB6254109776063597C5741793BCF00BDB6254109CFAA5D5A7C5741795B662CCBB62541A97E11745A7C574179DDA827CDB62541A9B068E2587C574179E472A8CDB6254129E2906F587C57417978977ACEB62541099569AD577C5741
66366000AB0117,01,66366,66,0117,AB,000,"",23.0,1,01060000206A080000010000000103000000010000000500000088722854B6B6254150228B39587C5741887E3FCBB8B6254150D42F52577C574188AEF51DAFB62541D0D6AFD9567C574188CE6CBCABB62541D09C6AC4577C574188722854B6B6254150228B39587C5741
66366000AB0116,01,66366,66,0116,AB,000,"",24.0,1,01060000206A080000010000000103000000010000000600000088722854B6B6254150228B39587C574188D26CBCABB62541509C6AC4577C57418818C8BDAAB62541503E4409587C57418864415FA9B62541502A56D3587C5741881404E5B3B62541D0A7151B597C574188722854B6B6254150228B39587C5741
66366000AB0177,01,66366,66,0177,AB,000,"",44.0,1,01060000206A08000001000000010300000001000000080000009775F45B9AB62541A96973F2597C5741979520BFA3B62541A9774A245A7C574197F547EBADB6254129D5EA4B5A7C5741977D2140B3B6254129E79C59597C5741972004E5B3B62541E9A7151B597C57419770415FA9B62541692A56D3587C574197504D7DA2B625416978F957597C57419775F45B9AB62541A96973F2597C5741
66366000AB0156,01,66366,66,0156,AB,000,"",40.0,1,01060000206A080000010000000103000000010000000A00000046BA91FD98B62541AC238FC8557C5741465EFC5799B625416C9FC8DD557C574146D6C6D993B625416CE3AB43577C574146DE4E0490B625412C9BAC09577C5741464E79838BB62541EC6FF5E3567C574146B6970085B625412CF68FAD567C574146A63D0D89B62541ACBE552F567C5741465FE82B88B62541AC424BC8557C5741465F7EEC92B625413E328FC8557C574146BA91FD98B62541AC238FC8557C5741
66366000AB0147,01,66366,66,0147,AB,000,"",30.0,1,01060000206A0800000100000001030000000100000009000000D0EB0C56ABB625412411DF51537C5741D0575D39A8B62541A4D3E3A6537C5741D0A7B412A5B6254124689CFC537C5741D01719AC9CB625412492104A527C5741D0E77BE694B62541249B25F0527C5741D08B5F9791B62541242B5E51527C57415048A95591B62541E430FC12527C57415048AF9AA1B62541E4A26458517C5741D0EB0C56ABB625412411DF51537C5741
66366000AB0098,01,66366,66,0098,AB,000,"",127.0,1,01060000206A080000010000000103000000010000000B0000005A6FBAE295B6254138A51EB3607C57415A4FF7D3A0B625413853FF61617C57415A62622FA0B62541B8AF5994617C57415A82FE90A5B62541387AEEEB617C57415A562A47A8B62541B8645418627C57415A760EDFAEB62541385DC683627C57415AEEC272B2B6254138C111CA617C57415AD6994BB9B62541388F932B607C57415AC6B269A9B62541B8EAEFB35F7C57415AD6ADE29AB62541381C0B455F7C57415A6FBAE295B6254138A51EB3607C5741
66366000AB0244,01,66366,66,0244,AB,000,"",104.0,1,01060000206A08000001000000010300000001000000110000005A6FBAE295B6254138A51EB3607C57415A4FF7D3A0B625413853FF61617C57415A62622FA0B62541B8AF5994617C57415A82FE90A5B62541387AEEEB617C57415A562A47A8B62541B8645418627C57415A760EDFAEB62541385DC683627C57415ACE2D61A7B625413807D105647C57415A66B633A2B625413892C36F637C57415ABE443B9AB6254138212407637C57415A4BA9299BB62541B84F33A6627C57415ADB659A96B62541B87FA1DA617C57415A7B98438AB62541B895B055617C57415A8BE5358CB62541B8866C89607C57415ACD6D238DB6254138DB3140607C57419AAC54608DB62541F8E8B831607C57419A8C3C5092B62541F84BFD79607C57415A6FBAE295B6254138A51EB3607C5741
66366000AB0223,01,66366,66,0223,AB,000,"",192.0,1,01060000206A080000010000000103000000010000000D0000000BD82D61A7B62541CA05D105647C57410BE84F27A2B62541CA296D15657C57410B201AD89EB62541CA246952657C57410B90F40F97B625416AA9AD70657C57410B6010F08DB62541AAA38733657C57410B402FFA88B62541EA7E0103657C57410BA025F181B62541EAFF6BBD647C57410B8098438AB62541EA93B055617C57410BE0659A96B62541EA7DA1DA617C57410B50A9299BB62541EA4D33A6627C57410BC3443B9AB625416A1F2407637C57410B6BB633A2B625416A90C36F637C57410BD82D61A7B62541CA05D105647C5741
66366000AB0245,01,66366,66,0245,AB,000,"",56.0,1,01060000206A08000001000000010300000001000000070000003FA825F181B62541AD006CBD647C57413F80E8787CB625416D294C87647C57413FC0B4BC87B625416D29A5E85F7C57413FD06D238DB625416DD93140607C57413F8EE5358CB62541ED846C89607C57413F7E98438AB62541ED93B055617C57413FA825F181B62541AD006CBD647C5741
66366000AB0178,01,66366,66,0178,AB,000,"",663.0,1,01060000206A080000010000000103000000010000001D0000009775F45B9AB62541A96973F2597C5741979520BFA3B62541A9774A245A7C574197F547EBADB6254129D5EA4B5A7C5741977D2140B3B6254129E79C59597C5741972004E5B3B62541E9A7151B597C574197805E7ABEB6254169776063597C5741973CCF00BDB6254169CFAA5D5A7C5741975C662CCBB62541097F11745A7C57419732EABCC9B625410927BD945B7C57419797C367C9B62541095776DA5B7C5741975F2A1AC5B625410927C85F5D7C5741971BC718C3B62541090012EC5D7C574197AB5D7CBFB6254109AE62EA5E7C574197A3C2E7BCB625410968556D5F7C574197C3EB27BAB6254109DB98F75F7C574197DC994BB9B62541498F932B607C574197CCB269A9B62541C9EAEFB35F7C574197DCADE29AB62541491C0B455F7C57419774BAE295B6254149A41EB3607C574197A03C5092B62541094AFD79607C574197C054608DB6254109E7B831607C57419728DCAE93B62541091BE34F5D7C57419798F07B86B6254109E4AACB5C7C574197204ABE89B62541097ED9DF5B7C574197CB48808AB62541C96D1CAA5B7C574197DB76E992B62541C9B9D94A597C5741974B173498B62541C9D8E0DC597C574197B9C58A99B625414944D7015A7C57419775F45B9AB62541A96973F2597C5741
66366000AB0154,01,66366,66,0154,AB,000,"",128.0,1,01060000206A0800000100000001030000000100000008000000536929E07BB62541CA09FC4C4A7C574153998AA770B62541CACF4A6B497C574153F971865FB62541CA771914487C574153595BE75BB62541CA47BCB64A7C5741930CF51B5CB62541CAA3C7074B7C574193CC9D637AB62541CA9080734B7C5741939FDFE57AB625414AFD4E114B7C5741536929E07BB62541CA09FC4C4A7C5741
66366000AB0106,01,66366,66,0106,AB,000,"",110.0,1,01060000206A080000010000000103000000010000000900000042580A8197B62541A341667F4A7C57414268FFC79AB6254123C8B1134A7C5741424AD8A99CB62541238A985E497C5741420ADE0185B62541234EF7B9477C574142DA85BD7FB62541230E00C9487C5741422012D37DB62541237CCAE9497C57414230F03488B62541A3A5634B4A7C5741429043D892B62541230705AA4A7C574142580A8197B62541A341667F4A7C5741
66366000AB0105,01,66366,66,0105,AB,000,"",427.0,1,01060000206A0800000100000001030000000100000012000000629D044068B62541FEF7B699467C574162FD71865FB62541FE771914487C5741629D8AA770B62541FECF4A6B497C5741626D29E07BB62541FE09FC4C4A7C5741628B5E087DB625419E9C23644A7C5741621212D37DB625411E7CCAE9497C574162CC85BD7FB625411E0E00C9487C574162FCDD0185B625411E4EF7B9477C57416244661189B625411EBF6DE8467C574162C4C85690B625411ECB7FAC477C574162F4C03B9AB625411EC77E2A467C574162E46A4B93B625411E699EF9447C574162749AAF8AB625411E6F83D0437C57416268E2768DB625411E17DE7F437C574162A81DB383B625411E2B3F40427C574162680FD172B625411EEFBC90447C574162F68EFC73B625413E9133B0447C5741629D044068B62541FEF7B699467C5741
66366000AB0104,01,66366,66,0104,AB,000,"",266.0,1,01060000206A080000010000000103000000010000000C000000629D044068B62541FEF7B699467C574162ED8EFC73B62541FE9133B0447C5741625F0FD172B62541DEEFBC90447C5741629F1DB383B62541DE2B3F40427C57416227EEAE80B62541DE0A3BDD417C574162371A4A90B62541DEB4E837407C5741626F76BA97B62541DE8DC16F3F7C574162AF47AD87B62541DEF5CD4F407C5741620F8DA26BB62541DE99DEE6417C574162EF28A75DB62541DE17B3B1427C574162C7C5CB59B62541DE4330C6437C5741629D044068B62541FEF7B699467C5741
66366000AB0003,01,66366,66,0003,AB,000,"",956.0,1,01060000206A080000010000000103000000010000000C0000000DA0322BFAB52541A42CB2323D7C57410D603CCA24B62541A44416F7367C57410D20D61218B62541A4965D64357C57410D187F2911B62541A4DA6AA5367C57410DD8BCF2DCB52541A4421363307C57410D981480CEB52541A4446013327C57410D3823EABFB52541A4362DC5337C57410DB81A5FD4B52541A43AD114367C57410D78901AFDB52541A47A4AA63A7C57410D80E12CF7B52541A44AB8CE3B7C57410DB46AA4F3B52541A42EEB8A3C7C57410DA0322BFAB52541A42CB2323D7C5741
66366000AB0108,01,66366,66,0108,AB,000,"",360.0,1,01060000206A0800000100000001030000000100000015000000E9FC059599B625410AC7CA974F7C5741E9D40E799CB625410A96CAA64E7C5741E97A37469BB625410A8AA8B24D7C5741E96A6F4392B62541FAE202BF4D7C5741E9F6A90290B62541CAB124C54D7C5741E98ED6378DB625416A3521CC4D7C5741E91E399182B62541EA099DE64D7C5741E9532E4D82B62541EAB4DE2D4D7C5741E923D29677B625416A73D4EC4C7C5741E9A3F1BC6EB62541EADB37B84C7C5741E9FF07896CB625413AA90CAB4C7C5741E90FAF3561B625411A6089AF4C7C5741E98F052C5DB625417A44D3C04C7C5741691F167E5DB625417A8F61424D7C574169AFE00F61B625417A2F5175507C574169AFB9A578B62541FAF4074E507C57418913E0B578B62541FA26C083507C574189536E7F84B62541FA17C3E44F7C574189A315F38BB62541CE730DE74F7C574189977CE48EB62541580FE0E64F7C5741E9FC059599B625410AC7CA974F7C5741
66366000AB0155,01,66366,66,0155,AB,000,"",294.0,1,01060000206A080000010000000103000000010000001700000042580A8197B62541A341667F4A7C5741423EC5A298B62541A342276F4B7C57414268F2049AB62541A324189A4C7C5741427C37469BB62541A38AA8B24D7C5741426C6F4392B6254193E302BF4D7C574142F8A90290B6254163B224C54D7C57414290D6378DB62541033621CC4D7C57414220399182B62541830A9DE64D7C574142552E4D82B6254183B5DE2D4D7C57414225D29677B625410374D4EC4C7C574142A5F1BC6EB6254183DC37B84C7C5741420108896CB62541D3A90CAB4C7C57414211AF3561B62541B36089AF4C7C57414291052C5DB625411345D3C04C7C57414223F51B5CB6254113A5C7074B7C574142E39D637AB62541139280734B7C574142B6DFE57AB6254193FE4E114B7C5741426E29E07BB62541930BFC4C4A7C5741428C5E087DB62541339E23644A7C5741421312D37DB62541B37DCAE9497C57414223F03488B6254133A7634B4A7C5741428343D892B62541B30805AA4A7C574142580A8197B62541A341667F4A7C5741
66366000AB0103,01,66366,66,0103,AB,000,"",146.0,1,01060000206A080000010000000103000000010000000700000042794D5132B625412CBBA92C477C57414239B40C3BB625412C2BA1AF477C574142B1430F38B625412CD32B424B7C57414211498122B625416C5F6A074B7C5741E2CA789022B62541EC4F57AC4A7C5741E24A331B25B62541ECBBE8CC487C574142794D5132B625412CBBA92C477C5741
66366000AB0207,01,66366,66,0207,AB,000,"",790.0,1,01060000206A0800000100000001030000000100000012000000629D044068B62541FEF7B699467C574162CDC5CB59B62541FE4330C6437C574162F528A75DB62541FE17B3B1427C57416205092B59B62541FEDF77F2427C574162757B7651B625417E550869437C57416295039A3DB625417E49C6C9457C574162754D5132B625417EBDA92C477C57416235B40C3BB625417E2DA1AF477C574162AD430F38B625417ED52B424B7C5741620D498122B62541BE616A074B7C574162720CF421B62541BE5D726D4D7C574162F34D4122B62541BE0092234E7C57416273994456B62541BECC0FDD4C7C5741625B052C5DB625415E45D3C04C7C574162EDF41B5CB625415EA5C7074B7C5741223A5BE75BB625415E49BCB64A7C574122DA71865FB625415E791914487C5741629D044068B62541FEF7B699467C5741
66366000AB0218,01,66366,66,0218,AB,000,"",475.0,1,01060000206A080000010000000103000000010000001500000088983AC961B62541D66F9A85557C574188A4BF375EB62541D64C9BCD547C574108EC3ECE5DB6254116BD1DB9547C5741087CFB8C54B625411675D390507C5741089CE00F61B62541562C5175507C5741089CB9A578B62541D6F1074E507C57412800E0B578B62541D623C083507C574128406E7F84B62541D614C3E44F7C5741289015F38BB62541AA700DE74F7C574128847CE48EB62541340CE0E64F7C574128F4059599B62541B4C3CA974F7C574128744EF89EB62541B44F9CCF507C57412834AF9AA1B62541B4A06458517C57412834A95591B62541B42EFC12527C5741A8775F9791B62541F4285E51527C5741A8378DC68CB6254194938764527C5741A8CA46AB8DB62541141D40BA527C5741A8EA72FF82B625411452D16F537C5741A8BA7BD47AB6254114B401F2537C5741A85A78EC6BB62541142A8AE1547C574188983AC961B62541D66F9A85557C5741
66366000AB0208,01,66366,66,0208,AB,000,"",865.0,1,01060000206A080000010000000103000000010000000E00000018A1E00F61B625416D2F5175507C57411811167E5DB625416D8F61424D7C57419881052C5DB625416D44D3C04C7C57419899994456B62541CDCB0FDD4C7C574198194E4122B62541CDFF91234E7C574118966EA422B62541CD17BE374F7C574118E6F2B324B62541CD6D0AA1507C574118FA770328B62541CDE5FEDE527C574118B677AB2AB62541CDBF282B547C574118CE1DEA2CB62541CDCBCFBD557C574118CEBF375EB62541CD499BCD547C574198153FCE5DB625410DBA1DB9547C574198A5FB8C54B625410D72D390507C574118A1E00F61B625416D2F5175507C5741
66366000AB0113,01,66366,66,0113,AB,000,"",422.0,1,01060000206A08000001000000010300000001000000180000009775F45B9AB62541A96973F2597C574197B4C58A99B62541C943D7015A7C57419746173498B6254149D8E0DC597C574197D676E992B6254149B9D94A597C574197C648808AB62541496D1CAA5B7C5741971B4ABE89B62541897DD9DF5B7C57419793F07B86B6254189E3AACB5C7C5741D7ED3B6786B6254158AB27CB5C7C5741D7AD2A2978B6254120D8CEC65C7C5741D70DDC7B68B62541203419195A7C5741D7DD66AB72B6254120EED8EB587C5741D7114EB975B62541A036638B587C5741D799F53F7AB62541A03AABFD577C5741D7A14DCB81B62541A0351C12577C5741D7B9970085B6254120F88FAD567C5741D75179838BB62541E071F5E3567C5741D7E14E0490B62541209DAC09577C5741D7D9C6D993B6254160E5AB43577C5741D761FC5799B6254160A1C8DD557C5741D78D84E59CB6254160FCA2B2567C5741D73D5019A2B6254160126199577C5741D785E9FBA2B62541E0A89D03587C5741574A4D7DA2B62541E07AF957597C57419775F45B9AB62541A96973F2597C5741
66366000AB0100,01,66366,66,0100,AB,000,"",341.0,1,01060000206A080000010000000103000000010000000B000000BB8DF07B86B6254120E4AACB5C7C5741BB1DDCAE93B62541201BE34F5D7C5741BBB554608DB6254120E7B831607C57417BD66D238DB6254160D93140607C57417BC6B4BC87B625416029A5E85F7C57417B86E8787CB6254160294C87647C57417BE6CF046DB62541607A4DEE637C57417B76396871B6254160BAE2495F7C57417B9E2A2978B6254160DACEC65C7C57417BDE3B6786B6254198AD27CB5C7C5741BB8DF07B86B6254120E4AACB5C7C5741
66366000AB0219,01,66366,66,0219,AB,000,"",369.0,1,01060000206A080000010000000103000000010000001600000085B3970085B62541A4F68FAD567C574185A33D0D89B6254124BF552F567C5741855CE82B88B6254124434BC8557C5741855C7EEC92B62541B6328FC8557C574185BC91FD98B62541AA238FC8557C574185B82AFB96B62541AAF0714F557C574125E9A5F996B625410A389C4B557C574125E4282496B625410AF7494D547C57412588031D9AB625418A03BCEA537C574125E87BE694B625418A9B25F0527C5741258C5F9791B625418A2B5E51527C5741254C8DC68CB625412A968764527C574125DF46AB8DB62541AA1F40BA527C574125FF72FF82B62541AA54D16F537C574125CF7BD47AB62541AAB601F2537C5741256F78EC6BB62541AA2C8AE1547C574125AF3AC961B62541AA709A85557C574125EF66AB72B62541AAECD8EB587C574125234EB975B625412A35638B587C574125ABF53F7AB625412A39ABFD577C574125B34DCB81B625412A341C12577C574185B3970085B62541A4F68FAD567C5741
66366000AB0246,01,66366,66,0246,AB,000,"",603.0,1,01060000206A08000001000000010300000001000000070000006EB21DEA2CB625410CCFCFBD557C57416EB2BF375EB625410C4D9BCD547C57416EA63AC961B625410C709A85557C57416EE666AB72B625410CECD8EB587C57416EA6111F35B625410C00B58C5B7C57416EEEAC2A32B625410C5CB572597C57416EB21DEA2CB625410CCFCFBD557C5741
66366000AB0090,01,66366,66,0090,AB,000,"",58.0,1,01060000206A08000001000000010300000001000000060000008753004DF1B625413821943F547C5741876B2BF2F8B62541385F315A557C574187BB859FECB6254138B3400C577C574187EB6971E4B6254138C8211C567C574187EBAA9AEDB6254138B6F2AB547C57418753004DF1B625413821943F547C5741
66366000AB0088,01,66366,66,0088,AB,000,"",53.0,1,01060000206A0800000100000001030000000100000005000000835EB04717B72541B772CEE44F7C574183AE621E1CB72541B73BAA95507C574183EEF41408B72541B71B6FEC527C574183AE593503B72541B71E0532527C5741835EB04717B72541B772CEE44F7C5741
66366000AB0091,01,66366,66,0091,AB,000,"",150.0,1,01060000206A080000010000000103000000010000000F000000BD6008CFE9B62541B62CA2E6597C5741BDC0A44BE3B62541B628892D597C5741BD30C64CE0B625413608F1D7587C5741BDC0859FECB6254136B2400C577C5741BDF06971E4B6254136C7211C567C5741BD08BF6DE2B62541369D88E0557C5741BDD891B6DBB62541F6500D0F567C5741BD6085B4D4B62541F6EE8C38577C5741BD2443C6D6B62541F6B1DB70577C5741BD3E6904D5B62541F65D48DE587C5741BD76DB51D4B625417644023B597C5741BD80135DD2B6254176C7C7345A7C5741BD7050A2D5B6254176E5EB795A7C5741BD60E794DAB62541F61CD9E25A7C5741BD6008CFE9B62541B62CA2E6597C5741
66366000AB0181,01,66366,66,0181,AB,000,"",5.0,1,01060000206A08000001000000010300000001000000040000002EDA25FCCDB625411312F62F607C57412E0AD86EC3B62541937339C85F7C57412E72F10FC5B62541138189655F7C57412EDA25FCCDB625411312F62F607C5741
66366000AB0094,01,66366,66,0094,AB,000,"",92.0,1,01060000206A080000010000000103000000010000000C000000078CCC58E1B62541C944D697607C5741079229C1DFB62541C9DA23B25E7C574107E8CC46DFB62541C9947C185E7C574107E42295DCB62541C9C48AC65E7C57410764DDE5C8B62541C9AE5B295E7C574107186EDDC5B62541C956EE325F7C5741077AF10FC5B62541C98089655F7C574107EA25FCCDB62541C911F62F607C57410746747CD0B6254109A9D448607C574107A69433D7B62541699FD667607C574107527025DAB6254189FCC075607C5741078CCC58E1B62541C944D697607C5741
66366000AB0061,01,66366,66,0061,AB,000,"",1140.0,1,01060000206A080000010000000103000000010000000600000086B08C055AB9254176B41B29837C574186B05A284BB9254176B449D68B7C574186B0430797B925411649C4C08B7C57418610CD66A0B9254116D91230857C574186706D1782B92541167B6149847C574186B08C055AB9254176B41B29837C5741
66366000AB0092,01,66366,66,0092,AB,000,"",352.0,1,01060000206A080000010000000103000000010000001000000015DD76F6FFB625415385075A5C7C5741158D88C6F7B6254153C13F725B7C5741155D08CFE9B62541532DA2E6597C5741156DE794DAB625415320D9E25A7C5741157D50A2D5B62541D3E8EB795A7C5741158D135DD2B62541D3CAC7345A7C57411595AEBECDB62541D3224C7F5C7C5741158BB1D4CCB62541537E79D15C7C5741155FDDE5C8B6254153B05B295E7C574115DF2295DCB6254153C68AC65E7C574115E3CC46DFB6254153967C185E7C574115CBCABDE1B625415303518E5E7C5741155F2801E5B6254153F252295F7C5741158B0010E6B625411327174E5F7C574115DB1738EFB62541134781425E7C574115DD76F6FFB625415385075A5C7C5741
66366000AB0229,01,66366,66,0229,AB,000,"",9.0,1,01060000206A080000010000000103000000010000000500000015DD76F6FFB625415385075A5C7C5741158D88C6F7B6254153C13F725B7C57411585A59BFBB6254153FF19035B7C574115450A0C01B7254153E6D5A65B7C574115DD76F6FFB625415385075A5C7C5741
66366000AB0232,01,66366,66,0232,AB,000,"",9.0,1,01060000206A080000010000000103000000010000000500000015DD76F6FFB625415385075A5C7C5741154B0A0C01B7254153E6D5A65B7C5741150B6C410CB7254153EED3F45C7C5741155F666E0EB72541D38C144B5D7C574115DD76F6FFB625415385075A5C7C5741
66366000AB0087,01,66366,66,0087,AB,000,"",350.0,1,01060000206A080000010000000103000000010000000F000000223F92003CB725417E075A12527C5741220FA20731B725417E055F26507C57412237B1CD37B725417EF53D684F7C574122C76B4430B725417E09F7894F7C574122F7DA4326B725413EDF74C34F7C574122970ECA21B72541BE6DBD7B4F7C5741226716EA1BB72541BEAD05B74F7C57412267B04717B72541FE72CEE44F7C574122B7621E1CB72541FE3BAA95507C574122F7F41408B72541FE1B6FEC527C574122473B4010B72541FEDB0C23547C574122A3F16B12B725417E5F1B76547C574122832C151BB725417E4B16C1557C574122691F5D1CB725417E19158D557C5741223F92003CB725417E075A12527C5741
66366000AB0228,01,66366,66,0228,AB,000,"",531.0,1,01060000206A0800000100000001030000000100000013000000BD6008CFE9B62541B62CA2E6597C5741BD9088C6F7B62541B6C03F725B7C5741BD88A59BFBB62541B6FE19035B7C5741BD480A0C01B72541B6E5D5A65B7C5741BD20F98904B72541B6319B72597C5741BDE005A90FB72541B68357CD577C5741BD8CA9FA12B72541B66FF42E577C5741BD2C6E7518B72541B6BBE927567C5741BD742C151BB72541B64816C1557C5741BD94F16B12B72541B65C1B76547C5741BD383B4010B7254136D90C23547C5741BDE8F41408B7254136196FEC527C5741BDA8593503B72541361C0532527C5741BD48004DF1B625413620943F547C5741BD602BF2F8B62541365E315A557C5741BDB0859FECB6254136B2400C577C5741BD20C64CE0B625413608F1D7587C5741BDB0A44BE3B62541B628892D597C5741BD6008CFE9B62541B62CA2E6597C5741
66366000AB0231,01,66366,66,0231,AB,000,"",308.0,1,01060000206A080000010000000103000000010000000A0000004756666E0EB72541A18B144B5D7C574147D61D682EB72541A1931CB75A7C574147367E202FB72541A115CCA95A7C574147D23F7031B725416139D97B5A7C57414792A9FA12B725416171F42E577C574147E605A90FB72541618557CD577C57414726F98904B7254161339B72597C5741474E0A0C01B7254161E7D5A65B7C5741470E6C410CB7254161EFD3F45C7C57414756666E0EB72541A18B144B5D7C5741
66366000AB0230,01,66366,66,0230,AB,000,"",793.0,1,01060000206A080000010000000103000000010000000B000000AD8DA9FA12B725413670F42E577C5741ADCD3F7031B725413638D97B5A7C5741AD0DF6C853B72541361077D3577C5741AD8D2D6771B72541365CAC69557C5741AD2DE8D160B7254136D58597547C5741AD4D607657B7254136949EEA537C5741AD2D92003CB7254136085A12527C5741AD4D1F5D1CB725413618158D557C5741AD672C151BB72541364A16C1557C5741AD1F6E7518B7254136BDE927567C5741AD8DA9FA12B725413670F42E577C5741
66366000AB0164,01,66366,66,0164,AB,000,"",20.0,1,01060000206A0800000100000001030000000100000006000000B9D4F15756B72541D4D3F2087E7C5741B9954DE256B725415464A13C7E7C5741B97D86A94FB72541D4582DA87E7C5741B90D4AA04DB72541D43518DD7D7C5741B90550C153B72541D4AE83027D7C5741B9D4F15756B72541D4D3F2087E7C5741
66366000AB0073,01,66366,66,0073,AB,000,"",577.0,1,01060000206A080000010000000103000000010000000C0000007FB061030BB82541041F7859667C57417FB07142FCB7254184A3AACF667C57417F70745CE9B7254184B1A65F677C57417FA80B87E6B7254184D56BFB657C57417F50CA56E1B72541843DA558637C57417F789C70DDB7254184DD7B2F617C57417FA01A11DFB7254104D4DB25617C57417FE03DC509B825410458945E5F7C57417F3893A80CB8254104D018A8617C57417F84245E0FB8254104A8D3B1637C57417FA86C4512B825410414331F667C57417FB061030BB82541041F7859667C5741
66366000AB0076,01,66366,66,0076,AB,000,"",1537.0,1,01060000206A080000010000000103000000010000001000000045DBEF2111B82541AFC4474A707C574145FB258C08B82541DFA62C40707C574145FBE6C2EBB725419F1C0C1D707C5741453B0C0FD6B725419F3914286F7C5741451B5F3FD4B725419F9007536E7C5741456BCE51CCB725419F88ED7B6A7C5741450BAE3BBFB725419F60E2BA637C574145FF4BFEBCB725419F20B7EA617C574145DF64B9D7B725419FA73E50617C5741458F9C70DDB725411FDB7B2F617C57414567CA56E1B725411F3BA558637C574145BF0B87E6B725411FD36BFB657C57414587745CE9B725411FAFA65F677C574145C77142FCB725411FA1AACF667C574145C761030BB825419F1C7859667C574145DBEF2111B82541AFC4474A707C5741
66366000AB0066,01,66366,66,0066,AB,000,"",443.0,1,01060000206A08000001000000010300000001000000090000006A6E6A3786B825411B8B9DEE797C57416AB67DDA87B825411B0D20227B7C57416A960AE78BB825411BD910C67D7C57416A46D3818EB825411BA5F1BF7F7C57416AAE2E5791B825411B41B371817C57416A2EA9EA6EB825411B62C670827C5741EA4FF9AE6EB825419B9CD50D827C5741EA2926CB6CB825419BC4149D7B7C57416A6E6A3786B825411B8B9DEE797C5741
66366000AB0071,01,66366,66,0071,AB,000,"",1435.0,1,01060000206A080000010000000103000000010000000C000000E99A43FD36B82541306D5A117D7C5741E9FA90C726B8254130ED2266707C5741E97A924756B82541306666EC707C5741E99ADC946BB8254130B70A2C717C5741E956F2E96EB825413026CAF3717C5741E986F59779B8254130626E25747C5741E978AA967BB82541307D0ABC747C5741E9F8524260B8254130FD663C797C5741E9F8DD9245B8254130B3D4377B7C5741E99840A249B8254130EB3C1F817C5741E998FE203FB82541B0FBCEEF807C5741E99A43FD36B82541306D5A117D7C5741
66366000AB0031,01,66366,66,0031,AB,000,"",43.0,1,01060000206A0800000100000001030000000100000006000000D169478BD7B625418BB263C66A7C5741D109D945C7B625418B7CF0A36A7C5741D13D677AC3B62541CB00239D6A7C5741D1457CFEC3B62541CB1EDFB66B7C5741D14580ACD8B625410B7BDDB46B7C5741D169478BD7B625418BB263C66A7C5741
66366000AB0222,01,66366,66,0222,AB,000,"",31.0,1,01060000206A0800000100000001030000000100000006000000D169478BD7B625418BB263C66A7C5741D159ABBCE3B62541AB58ECDF6A7C5741D1D199A3E2B62541AB5A33806C7C5741D16134CCD9B62541EB8B819F6C7C5741D15180ACD8B62541EB7BDDB46B7C5741D169478BD7B625418BB263C66A7C5741
66366000AB0032,01,66366,66,0032,AB,000,"",46.0,1,01060000206A0800000100000001030000000100000005000000CD5A34CCD9B62541438B819F6C7C5741CD7A8D91C4B62541C35380E96C7C5741CD447CFEC3B62541C31FDFB66B7C5741CD4480ACD8B62541037CDDB46B7C5741CD5A34CCD9B62541438B819F6C7C5741
66366000AB0055,01,66366,66,0055,AB,000,"",374.0,1,01060000206A08000001000000010300000001000000090000000019749A01B82541E55FCA20847C5741009D780B04B82541E51A5DAE847C574100CD09340AB82541E51E2D3A867C57410093D7ED0BB82541E5626DFA897C574100B34F77F3B72541E54E10D98A7C574100ABFF9BEDB72541E55E8700897C574100B346A1E5B72541E5FA758C867C574100F8CC24E6B72541E5D89D2A857C57410019749A01B82541E55FCA20847C5741
66366000AB0056,01,66366,66,0056,AB,000,"",153.0,1,01060000206A0800000100000001030000000100000007000000D0B64F77F3B725413A5110D98A7C5741D096D7ED0BB825413A656DFA897C5741D0D6610A14B825413A7DA21B8C7C5741D0B481B115B82541BA693C978C7C5741D0F4C06010B825417A49D1C48C7C5741D0540734FCB725417AFBD0988D7C5741D0B64F77F3B725413A5110D98A7C5741
66366000AB0221,01,66366,66,0221,AB,000,"",21.0,1,01060000206A0800000100000001030000000100000008000000CD5A34CCD9B62541438B819F6C7C5741CD7A8D91C4B62541C35380E96C7C5741CD126504BEB6254143AAB1006D7C5741CDC2A4A4B2B62541C30C93266D7C5741CD6E7D2DAFB6254163AB78326D7C57414D96698CAFB62541E3F6B9A06D7C57414D56132FDAB62541E3A1E7F06C7C5741CD5A34CCD9B62541438B819F6C7C5741
66366000AB0029,01,66366,66,0029,AB,000,"",66.0,1,01060000206A0800000100000001030000000100000007000000BD6C484BADB62541404D99766A7C5741BD3499F8ABB62541402DFC62687C5741BDD4F4E0ABB6254180812C41687C5741BD04A4F8A1B62541B80A6A43687C5741BD54D8699EB6254198FE7F2D687C5741BD08F45A9DB62541988EF35B6A7C5741BD6C484BADB62541404D99766A7C5741
66366000AB0027,01,66366,66,0027,AB,000,"",16.0,1,01060000206A0800000100000001030000000100000005000000BD6C484BADB62541404D99766A7C5741BD3499F8ABB62541402DFC62687C5741BDA45ADCB0B62541C0CD928C687C5741BDDECC86B0B62541C0BB5E7C6A7C5741BD6C484BADB62541404D99766A7C5741
66366000AB0150,01,66366,66,0150,AB,000,"",60.0,1,01060000206A080000010000000103000000010000000C0000009D7C79F7B8B625411C5D7DC8677C57419D5E3CA8B7B625419C33DB1D687C57419D70C1BBB5B625411C3E6677687C57411D337C89B5B62541DC3CB7A0687C57411D432CF6B0B625417CEA0D8D687C5741FDA65ADCB0B62541DFCB928C687C5741FD3699F8ABB625415F2BFC62687C5741FDD6F4E0ABB625419F7F2C41687C5741FD06A4F8A1B62541D7086A43687C5741FD56D8699EB62541B7FC7F2D687C5741FD563C78A4B62541B76A48C9667C57419D7C79F7B8B625411C5D7DC8677C5741
66366000AB0026,01,66366,66,0026,AB,000,"",130.0,1,01060000206A080000010000000103000000010000000C000000D169478BD7B625418BB263C66A7C5741D109D945C7B625418B7CF0A36A7C5741D13D677AC3B62541CB00239D6A7C5741D1DD9D3CB3B625412BE50B816A7C5741D13772CAB1B625413B24367E6A7C5741D1D3CC86B0B6254133BA5E7C6A7C5741D1995ADCB0B6254133CC928C687C5741F1352CF6B0B62541D0EA0D8D687C5741F1257C89B5B62541303DB7A0687C5741F155C9BBC1B62541F05E6FD6687C5741F1F5C895D5B62541F064502A697C5741D169478BD7B625418BB263C66A7C5741
66366000AB0025,01,66366,66,0025,AB,000,"",118.0,1,01060000206A080000010000000103000000010000000C000000CAC4587CD3B625418F293174677C5741CAF0C895D5B625418F65502A697C5741CA50C9BBC1B625418F5F6FD6687C5741CA207C89B5B62541CF3DB7A0687C57414A5EC1BBB5B625410F3F6677687C57414A4C3CA8B7B625418F34DB1D687C57414A6A79F7B8B625410F5E7DC8677C57414A623DE0BDB625410F0C6887667C57414A1E73CDC1B625410F4A0786657C57414ABA69AFC4B625410FCC6BA2667C57414A6AA163D2B625410FEA3577677C5741CAC4587CD3B625418F293174677C5741
66366000AB0041,01,66366,66,0041,AB,000,"",210.0,1,01060000206A0800000100000001030000000100000007000000B50E1B9C0FB725417A31AC8A747C5741B56E2BD621B725417A2F5A1D757C5741655B65E021B725413EFC491D757C5741657B85CF2DB725413E14EB527A7C5741656B1CEC1EB725413E40DA817B7C574165F7FFF51BB725413E14B3187A7C5741B50E1B9C0FB725417A31AC8A747C5741
66366000AB0036,01,66366,66,0036,AB,000,"",859.0,1,01060000206A080000010000000103000000010000000B000000B64258BD13B725419A402A80667C5741B61292531AB725419A182E986A7C5741B632075F24B725419AD8AB0C717C5741B6DAD3792AB725419A9C00D6747C5741B65A65E021B725411AF7491D757C5741066E2BD621B72541562A5A1D757C5741060E1B9C0FB72541562CAC8A747C5741060E9435F8B62541569C75C9697C5741066EB324F2B625415628160F677C5741066E27B205B72541D6DE92BB667C5741B64258BD13B725419A402A80667C5741
66366000AB0040,01,66366,66,0040,AB,000,"",303.0,1,01060000206A08000001000000010300000001000000070000005D2DE3DE42B725413AF9F90B747C57415DCDD3792AB725413AA200D6747C57415D4D65E021B72541BAFC491D757C57415D6D85CF2DB72541BA14EB527A7C57415D4DDFCE37B72541BA6EFE87797C57415D9D8A8547B72541BADAF741787C57415D2DE3DE42B725413AF9F90B747C5741
66366000AB0037,01,66366,66,0037,AB,000,"",773.0,1,01060000206A080000010000000103000000010000000A000000B64258BD13B725419A402A80667C5741B642471625B725419A84D537667C5741B6F2217230B725411AD2FE21667C5741B65A111236B725411AAA3D536A7C5741B6EA4D9841B725411A7AFDE5727C5741B63EE3DE42B725411AF4F90B747C5741B6DED3792AB725411A9D00D6747C5741B636075F24B725411AD9AB0C717C5741B61692531AB725411A192E986A7C5741B64258BD13B725419A402A80667C5741
66366000AB0054,01,66366,66,0054,AB,000,"",1605.0,1,01060000206A0800000100000001030000000100000012000000D0B64F77F3B725413A5110D98A7C5741D0560734FCB725413AF9D0988D7C5741D0B6743DE2B725413AA35C858E7C5741D0F6973AB7B725413A094A07907C5741D0F6D4B0ACB725413A6FA26A907C5741D056DBCC98B725413AA84D1A917C5741D0E666E78CB72541BAD8CC7F917C5741D0E5A6508DB72541BA7D3A12917C5741D0450D9B94B72541BAC51B9E8B7C5741D045C56073B72541BAE9DB1C897C5741D0C52EEDB5B72541BABB8B3D887C5741D0A50252C2B72541FA6CE009887C5741D0491773C4B72541BAC36001887C5741D0F93745D1B72541BA045D6A877C5741D0E1B03CD8B72541BA7B0D1C877C5741D00147A1E5B72541BAFF758C867C5741D0F9FF9BEDB72541BA638700897C5741D0B64F77F3B725413A5110D98A7C5741
66366000AB0199,01,66366,66,0199,AB,000,"",780.0,1,01060000206A080000010000000103000000010000000D0000007E3D5BA747B72541011FB9E3737C57417E30BED746B72541B92F22EA737C57417E78723B49B72541B9E578C0757C57417EFCCEF84BB72541B9898A2B787C57417EAC92F451B72541B96DC8897A7C57417E9CB5C458B72541B9B5483B7D7C57417E3CB6D565B72541B95003677C7C57417E5C514D84B72541B924146A7A7C57417E3C60147CB72541B954D04E787C57417EACD6FF6FB72541B9382EF4747C57417E9C5FC26AB72541B988D43F737C57417E14868269B72541391E27C6727C57417E3D5BA747B72541011FB9E3737C5741
66366000AB0053,01,66366,66,0053,AB,000,"",892.0,1,01060000206A080000010000000103000000010000001000000017B946A1E5B72541A1FB758C867C574117FECC24E6B72541A1D99D2A857C5741171E749A01B82541A15FCA20847C5741171E26C6FDB72541A1AB7B41837C574117FE9116EAB72541A13339677F7C5741177E5973DBB72541A10BDCCD7F7C5741177ECB58C2B72541A1F59992807C5741179E972AADB72541A1B4CF2F817C57411766FFECB2B72541A14C79A5837C5741171E8FECAFB72541E13948DA837C574117D257D4B2B72541E1C2F383847C574117620252C2B72541E16AE009887C574117061773C4B72541A1C16001887C574117B63745D1B72541A1025D6A877C5741179EB03CD8B72541A1790D1C877C574117B946A1E5B72541A1FB758C867C5741
66366000AB0052,01,66366,66,0052,AB,000,"",465.0,1,01060000206A0800000100000001030000000100000007000000BB30C56073B72541E1E5DB1C897C5741BBB02EEDB5B72541E1B78B3D887C5741BB900252C2B725412169E009887C5741BB0058D4B2B7254121C1F383847C5741BB00A58C91B72541215D80AB857C5741BB80D4BF6DB7254121B5BFEE867C5741BB30C56073B72541E1E5DB1C897C5741
66366000AB0051,01,66366,66,0051,AB,000,"",642.0,1,01060000206A080000010000000103000000010000000C000000A8946BDA65B72541EF886BE1837C5741A86AC75767B72541EF63FC74847C5741A8427E156AB72541EFE78183857C5741A836D4BF6DB72541EFB5BFEE867C5741A8B6A48C91B72541EF5D80AB857C5741A8B657D4B2B72541EFC1F383847C5741A8028FECAFB72541EF3848DA837C5741A84AFFECB2B72541AF4B79A5837C5741A882972AADB72541AFB3CF2F817C5741A8221DDDA1B72541AFF533717F7C5741880224D3A1B72541B4C7E7717F7C5741A8946BDA65B72541EF886BE1837C5741
66366000AB0200,01,66366,66,0200,AB,000,"",138.0,1,01060000206A08000001000000010300000001000000100000001967514D84B72541A928146A7A7C57411991D02686B72541293372E37A7C5741195152AB68B7254129AFD9D57C7C574119D1F15756B7254129D3F2087E7C5741190550C153B7254129AF83027D7C5741193B8D2F52B7254129BB42627C7C5741194B7D604CB7254129575A0D7A7C5741199B8A8547B7254129DBF741787C5741192BE3DE42B7254129FBF90B747C5741192FBED746B72541A93122EA737C57411977723B49B72541A9E778C0757C574119FBCEF84BB72541A98B8A2B787C574119AB92F451B72541A96FC8897A7C5741199BB5C458B72541A9B7483B7D7C5741193BB6D565B72541A95203677C7C57411967514D84B72541A928146A7A7C5741
66366000AB0050,01,66366,66,0050,AB,000,"",723.0,1,01060000206A080000010000000103000000010000000B000000A8946BDA65B72541EF886BE1837C5741A82441865EB72541EF2C370C817C5741A8F8ECAB5AB72541EFCE548F7F7C5741A8984DE256B72541EF62A13C7E7C5741A8D7F15756B725416FD2F2087E7C5741A85752AB68B725416FAED9D57C7C5741A897D02686B725416F3272E37A7C5741A8676F7E8EB725416FF2623C7C7C5741A857B15E97B725416F6CB8B77D7C5741A81724D3A1B725416FC6E7717F7C5741A8946BDA65B72541EF886BE1837C5741
66366000AB0166,01,66366,66,0166,AB,000,"",51.0,1,01060000206A08000001000000010300000001000000070000008F56C92557B7254155890688817C57418FFABC3454B7254155E75D6C807C57418F7A86A94FB7254155592DA87E7C57418F924DE256B72541D564A13C7E7C57418FF2ECAB5AB72541D5D0548F7F7C57418F1E41865EB72541D52E370C817C57418F56C92557B7254155890688817C5741
66366000AB0186,01,66366,66,0186,AB,000,"",24.0,1,01060000206A08000001000000010300000001000000060000008F56C92557B7254155890688817C57418FFABC3454B7254155E75D6C807C57418F7A86A94FB7254155592DA87E7C57418F4AEFB54BB72541D5A841E47E7C57418F6A8F4353B72541D5801FC9817C57418F56C92557B7254155890688817C5741
66366000AB0184,01,66366,66,0184,AB,000,"",20.0,1,01060000206A0800000100000001030000000100000007000000C70650C153B7254108AF83027D7C5741C73C8D2F52B7254108BB42627C7C5741C74C00BE48B7254108C927C47D7C5741C740EFB54BB7254108A941E47E7C5741C77086A94FB7254188592DA87E7C5741C7004AA04DB72541883618DD7D7C5741C70650C153B7254108AF83027D7C5741
66366000AB0030,01,66366,66,0030,AB,000,"",213.0,1,01060000206A080000010000000103000000010000000F000000C46C7D2DAFB625415AAB78326D7C5741C46CEA789CB625415AAC23706D7C5741C4CFD8469CB625415A5EC6E46C7C5741C41710DA9CB625415AA4D8696B7C5741C4F4F35A9DB625415A8EF35B6A7C5741C464484BADB62541BA4D99766A7C5741C4D8CC86B0B62541AABA5E7C6A7C5741C43C72CAB1B62541B224367E6A7C5741C4E29D3CB3B62541A2E50B816A7C5741C442677AC3B625414201239D6A7C5741C44A7CFEC3B62541421FDFB66B7C5741C4808D91C4B62541425380E96C7C5741C4186504BEB62541C2A9B1006D7C5741C4C8A4A4B2B62541420C93266D7C5741C46C7D2DAFB625415AAB78326D7C5741
66366000AB0203,01,66366,66,0203,AB,000,"",35.0,1,01060000206A08000001000000010300000001000000070000009088CE718CB625410814F3E06E7C574190883DF09CB62541C8EB41C46E7C57417057CE099DB62541A96B19C46E7C5741701767BFB9B62541A9670320707C57417053A246BBB62541A98F370D717C5741701310AE9BB62541A9DFC6136F7C57419088CE718CB625410814F3E06E7C5741
66366000AB0185,01,66366,66,0185,AB,000,"",560.0,1,01060000206A080000010000000103000000010000000A000000E516695108B72541FF068BAE867C5741E5968F4353B72541FF7E1FC9817C5741E576EFB54BB72541FFA641E47E7C5741E526CA8C43B72541FFCF1A5E7F7C5741E5E6ACA229B72541FFB593DE807C5741E526002F17B72541FF8FF2E6817C5741E586F7C406B72541FF3176D2827C5741E56EEFE4FFB62541FF452135837C5741E5CE853005B72541FF51CC5A857C5741E516695108B72541FF068BAE867C5741
66366000AB0204,01,66366,66,0204,AB,000,"",1200.0,1,01060000206A080000010000000103000000010000000F000000C3057870C1B62541D0D2A0E2747C5741C305E2C77AB62541D002EDB9787C5741C365AEBF6CB62541D0D53D8B797C57414301445D6CB62541D015CD85787C5741436B958E6DB62541D0556DAB757C574143935E1A6FB62541D065BB5D747C574143F327E271B62541D0596249727C5741430B3CE076B62541D03B0A6F707C574143E3E6127BB62541D0DD4F006F7C574143A3CE718CB62541B010F3E06E7C5741434310AE9BB62541B0DBC6136F7C57414383A246BBB62541B08B370D717C57414347E163BEB62541B0D310F3727C5741438FD444C1B62541B023538E747C5741C3057870C1B62541D0D2A0E2747C5741
66366000AB0034,01,66366,66,0034,AB,000,"",1305.0,1,01060000206A080000010000000103000000010000000E000000EDF58BFDC4B62541DF092DFB7B7C5741AD83DAE9C4B62541A34C38FD7B7C5741AD03B6D1B2B62541A388E0C57D7C5741ADC3D3799BB62541A31E47D77E7C5741AD433FB07FB62541A356D636807C5741ADBBD1347AB6254123AC3260807C5741AD1357A776B625416334AA40807C5741AD3BDB4272B62541E32D1CE17F7C5741ADB388F46CB62541E3F5A21D7A7C57412D62AEBF6CB62541E3D63D8B797C57412D02E2C77AB62541E303EDB9787C57412D027870C1B62541E3D3A0E2747C57412D822896C3B62541E33BEA24797C5741EDF58BFDC4B62541DF092DFB7B7C5741
66366000AB0179,01,66366,66,0179,AB,000,"",320.0,1,01060000206A080000010000000103000000010000000B000000EDF58BFDC4B62541DF092DFB7B7C5741AD83DAE9C4B62541A34C38FD7B7C5741AD03B6D1B2B62541A388E0C57D7C5741ADC3D3799BB62541A31E47D77E7C5741AD433FB07FB62541A356D636807C5741AD93D8BE8AB62541A3BA6973827C5741ADD3C37BB8B62541A3AA92897F7C5741ADA3FF96C1B625412329B6127F7C5741ADD30568C6B6254123C64ACC7E7C5741ADE77406C5B62541233EBB047C7C5741EDF58BFDC4B62541DF092DFB7B7C5741
66366000AB0205,01,66366,66,0205,AB,000,"",20.0,1,01060000206A08000001000000010300000001000000050000003AED7406C5B62541ED3DBB047C7C57413AE56908C8B62541ED9C9AD67C7C57413A752E42CDB62541EDEEBC677E7C57413AD50568C6B62541EDC54ACC7E7C57413AED7406C5B62541ED3DBB047C7C5741
66366000AB0183,01,66366,66,0183,AB,000,"",758.0,1,01060000206A080000010000000103000000010000000D0000004D6D85CF2DB72541F011EB527A7C57414D4DDFCE37B72541F06BFE87797C57414D9D8A8547B72541F0D7F741787C57414D4D7D604CB72541F0535A0D7A7C57414D3D8D2F52B72541F0B742627C7C57414D4D00BE48B72541F0C527C47D7C57414D41EFB54BB72541F0A541E47E7C57414DF1C98C43B72541F0CE1A5E7F7C57414DB1ACA229B72541F0B493DE807C57414DF1FF2E17B72541F08EF2E6817C57414D71886209B72541F0F699BC7C7C57414D511CEC1EB72541F03EDA817B7C57414D6D85CF2DB72541F011EB527A7C5741
66366000AB0220,01,66366,66,0220,AB,000,"",3001.0,1,01060000206A0800000100000001030000000100000023000000D47D886209B7254197F599BC7C7C5741D45D1CEC1EB72541973DDA817B7C5741D4E9FFF51BB725419711B3187A7C5741D4191B9C0FB725419731AC8A747C5741D4199435F8B6254197A175C9697C5741D479B324F2B62541972D160F677C5741D4A973DDE6B62541171A113F677C5741D4C9587CD3B6254117223174677C5741D4F5C895D5B62541175E502A697C5741D46F478BD7B6254117AC63C66A7C5741D45FABBCE3B625413752ECDF6A7C5741D4D799A3E2B62541375433806C7C5741D46734CCD9B625417785819F6C7C5741546A132FDAB62541F79BE7F06C7C574154AA698CAFB62541F7F0B9A06D7C5741D4827D2DAFB6254177A578326D7C5741D482EA789CB6254177A623706D7C574154A23DF09CB6254177E641C46E7C57413471CE099DB62541586619C46E7C5741343167BFB9B6254158620320707C5741346DA246BBB62541588A370D717C57413431E163BEB6254158D210F3727C57413479D444C1B625415822538E747C574174117870C1B62541D8CDA0E2747C574174912896C3B62541D835EA24797C574174018CFDC4B62541D8012DFB7B7C5741C4F87406C5B62541E835BB047C7C5741C4F06908C8B62541E8949AD67C7C5741C4802E42CDB62541E8E6BC677E7C5741C400CB6BD6B62541E81A69E17D7C5741C49049F0E0B62541E8DB67E27C7C5741C450FCD0F1B62541E8079E2C7C7C5741C44CFE42F2B6254168B277707C7C5741C4CC141806B72541684D468E7B7C5741D47D886209B7254197F599BC7C7C5741
66366000AB0043,01,66366,66,0043,AB,000,"",717.0,1,01060000206A080000010000000103000000010000000E000000D47D886209B7254197F599BC7C7C5741D4B1141806B725419757468E7B7C5741D431FE42F2B6254197BC77707C7C5741D4527C9BF2B62541D765A9A77C7C5741D4D2D346E3B62541D798F3537D7C5741D4C28879D8B62541D7A263437E7C5741D43A63C9D5B62541573CDB737E7C5741D4A2DC1CDAB6254157F0F5F87F7C5741D402593ADCB62541578776B6807C5741D4B2C7B5E6B62541575BDDA1847C5741D432EFE4FFB6254157492135837C5741D44AF7C406B72541573576D2827C5741D4EAFF2E17B725415793F2E6817C5741D47D886209B7254197F599BC7C7C5741
66366000AB0044,01,66366,66,0044,AB,000,"",246.0,1,01060000206A0800000100000001030000000100000009000000DBABDC1CDAB6254111EFF5F87F7C5741DBABC51091B6254111AFC64D847C5741DB334B0B90B625419147F2FF837C5741DBB37C738CB62541917542F7827C5741DBD3B76BA1B625419103049E817C5741DBA3AD19B1B625419191999C807C5741DB6335F6D2B62541916176A67E7C5741DB3F63C9D5B625419138DB737E7C5741DBABDC1CDAB6254111EFF5F87F7C5741
66366000AB0168,01,66366,66,0168,AB,000,"",67.0,1,01060000206A08000001000000010300000001000000070000008C6BC75767B725418063FC74847C57418C956BDA65B7254180886BE1837C57418C2541865EB72541802C370C817C57418C5DC92557B7254180880688817C57418C4D095A5CB72541800EB57F837C57418C01EA1360B7254180AE4EF8847C57418C6BC75767B725418063FC74847C5741
66366000AB0188,01,66366,66,0188,AB,000,"",29.0,1,01060000206A08000001000000010300000001000000070000008F56C92557B7254155890688817C57418F46095A5CB72541550FB57F837C57418FFAE91360B7254155AF4EF8847C57418F121B2F5CB72541D5F4D33F857C57418FF2425556B72541D50085F6827C57418F668F4353B72541D57E1FC9817C57418F56C92557B7254155890688817C5741
66366000AB0045,01,66366,66,0045,AB,000,"",2845.0,1,01060000206A0800000100000001030000000100000012000000DBABDC1CDAB6254111EFF5F87F7C5741DBABC51091B6254111AFC64D847C5741DB8B037E95B6254111D9769F857C5741DB9B39F5A2B62541118D2E64897C5741DBBB25B7AFB62541118D5BF08C7C5741DBCB416EBEB62541110D3AE1907C5741DB7B9A6EC2B62541119FBE2F927C5741DBCB08BBCAB62541919165B4917C5741DBCBA33E17B7254191F9B13A8D7C5741DB03266C12B7254191CD0F2A8B7C5741DB33602A11B72541916AA4918A7C5741DBFF5A220FB7254191BFDB95897C5741DB47695108B7254191FF8AAE867C5741DBD7853005B72541914BCC5A857C5741DB77EFE4FFB62541913F2135837C5741DBF7C7B5E6B625419151DDA1847C5741DB47593ADCB62541917D76B6807C5741DBABDC1CDAB6254111EFF5F87F7C5741
66366000AB0187,01,66366,66,0187,AB,000,"",629.0,1,01060000206A08000001000000010300000001000000080000009D191B2F5CB725411BF5D33F857C57419DF9425556B725411B0185F6827C57419D6D8F4353B725411B7F1FC9817C57419DED685108B725411B078BAE867C57419DA55A220FB725411BC7DB95897C57419DD95F2A11B725411B72A4918A7C57419D99B16332B725411B720036887C57419D191B2F5CB725411BF5D33F857C5741
66366000AB0192,01,66366,66,0192,AB,000,"",1106.0,1,01060000206A080000010000000103000000010000000A0000005902602A11B725412474A4918A7C574159C2B16332B7254124740036887C574159A27DE544B7254124C4BCF08D7C5741591A15D93FB7254124F62C8A8E7C574159BA47172CB725412482F992907C574159BAFBCEE6B6254124EA62E5937C574159FA08BBCAB62541249A65B4917C574159FAA33E17B725412402B23A8D7C57415932266C12B7254124D60F2A8B7C57415902602A11B725412474A4918A7C5741
66366000AB0189,01,66366,66,0189,AB,000,"",472.0,1,01060000206A08000001000000010300000001000000090000009D191B2F5CB725411BF5D33F857C57419D393CA05FB725411BDF0B9C867C57419DBF2F7A61B725411BB77CE8887C57419D5FE7275BB725411B2913B18A7C57419D6FCCFB50B725411B3B9D418C7C57419D1FEF1648B725411BBF6A8F8D7C57419D8F7DE544B725411BC3BCF08D7C57419DAFB16332B725411B730036887C57419D191B2F5CB725411BF5D33F857C5741
66366000AB0170,01,66366,66,0170,AB,000,"",204.0,1,01060000206A080000010000000103000000010000000C000000BB30C56073B72541E1E5DB1C897C5741BB304D7069B72541E1EDBA9B8A7C5741BBB0F4004CB72541E16D37F38E7C5741BB4C0C5849B72541E105D94F8F7C5741BBE87CEC45B72541E1E766428E7C5741BB18BACF49B72541614726C38D7C5741BBD88E066AB72541616FC2E7887C5741BB18EA1360B7254161AF4EF8847C5741BB80C75767B725416163FC74847C5741BB587E156AB7254161E78183857C5741BB4CD4BF6DB7254161B5BFEE867C5741BB30C56073B72541E1E5DB1C897C5741
66366000AB0057,01,66366,66,0057,AB,000,"",2070.0,1,01060000206A08000001000000010300000001000000140000004CDE66E78CB725418CD9CC7F917C57414C1259008CB725418CF9B274927C57414C0C403B8AB725418C054551957C57414C6CDDA986B725418C9D6ED19A7C57414CEC4F7C99B725410CAFC25D9A7C57414C0C4875A7B725410C0B3332997C57414C2CD334B8B725410CDFF8E7977C57414C6C0BC0CAB725410C759E99967C57414CACDD1CFAB725410CD9143D937C57414C4CE0B710B825410CC7409F917C57414CCCFDFB24B825410CAD4A2A907C57414C1C7EA118B825410CCDBA3B8D7C57414CE881B115B825410C683C978C7C57414C28C16010B82541CC47D1C48C7C57414C880734FCB72541CCF9D0988D7C57414CE8743DE2B72541CCA35C858E7C57414C28983AB7B72541CC094A07907C57414C28D5B0ACB72541CC6FA26A907C57414C88DBCC98B72541CCA84D1A917C57414CDE66E78CB725418CD9CC7F917C5741
66366000AB0191,01,66366,66,0191,AB,000,"",197.0,1,01060000206A080000010000000103000000010000000F0000000C9A7DE544B725411FC3BCF08D7C57410C1215D93FB725411FF52C8A8E7C57410CB247172CB725411F81F992907C57410CB2FBCEE6B625411FE962E5937C57410CF208BBCAB625411F9965B4917C57410CA29A6EC2B625419FA6BE2F927C57410C02E2A3C4B625419F679DE8927C57410C8A4441C9B625419FF1ECA6947C57410C02CFE9CAB625419FB5B380957C57410C02EC400AB725419F79D27E927C57410C52919C19B725419F9258BD917C57410C52C5692EB725419F2895B9907C57410C32544442B725419FC085BB8E7C57410C0A7DEC45B725419FE866428E7C57410C9A7DE544B725411FC3BCF08D7C5741
66366000AB0190,01,66366,66,0190,AB,000,"",84.0,1,01060000206A080000010000000103000000010000000C0000009D191B2F5CB725411BF5D33F857C57419D393CA05FB725411BDF0B9C867C57419DBF2F7A61B725411BB77CE8887C57419D5FE7275BB725411B2913B18A7C57419D6FCCFB50B725411B3B9D418C7C57419D1FEF1648B725411BBF6A8F8D7C57419D8F7DE544B725411BC3BCF08D7C57419DD17CEC45B725411BE766428E7C57419D01BACF49B725419B4626C38D7C57419DC18E066AB725419B6EC2E7887C57419D01EA1360B725419BAE4EF8847C57419D191B2F5CB725411BF5D33F857C5741
66366000AB0172,01,66366,66,0172,AB,000,"",285.0,1,01060000206A0800000100000001030000000100000010000000A6C6CEE9CAB6254182B3B380957C5741A6C6EB400AB725418277D27E927C5741A616919C19B72541829058BD917C5741A616C5692EB72541822695B9907C5741A6F6534442B7254182BE85BB8E7C5741A6CE7CEC45B7254182E666428E7C5741A6320C5849B725418204D94F8F7C5741A60A4BF846B72541826D0EA38F7C5741A66A563534B7254182797574917C5741A6CA3DD631B72541429B80A2917C5741A65AADC62FB72541828E49CA917C5741A6BACFE31FB72541827AD586927C5741A69AD5E508B72541823A2EAC937C5741A65A2F85ECB62541826CA005957C5741A65AA4D2CCB6254182B8657B967C5741A6C6CEE9CAB6254182B3B380957C5741
66366000AB0004,01,66366,66,0004,AB,000,"",750.0,1,01060000206A080000010000000103000000010000000B0000001E04BDF2DCB52541873F1363307C57411E447F2911B6254187D76AA5367C57411E4CD61218B6254187935D64357C57411E8C950A0FB6254187C92E46347C57411ECC61CC23B625418789CF22327C57411E603C1F27B62541873325D5317C57411EE0DA0B05B62541877B54D22B7C57411ED0FFDEFAB52541878787DF2C7C57411EC0F8F1EFB525418779201A2E7C57411E30AD4FE1B5254187AF81E02F7C57411E04BDF2DCB52541873F1363307C5741
66366000AB0019,01,66366,66,0019,AB,000,"",760.0,1,01060000206A080000010000000103000000010000000E000000948EB1B775B525412B7B3BE5547C5741942E1F1669B525412B3A38C0547C5741943ED75D5EB525418B2226A1547C57419426864158B525418B2E631A537C574194C61F6352B525418B418E8A527C574194163CCD44B525418B0E91CE517C574194163EAA35B525418B659FE5507C5741942BBF0336B525418B45F39D507C57419403412B38B525418BD8600A507C5741946F36B33BB525410BE29C8D4F7C5741946FBE205CB525410B4ABBB34C7C5741946F33D478B525410B9E555C4B7C57417FD7F5D478B525413B7A405E4B7C5741948EB1B775B525412B7B3BE5547C5741
66366000AB0153,01,66366,66,0153,AB,000,"",5475.0,1,01060000206A08000001000000010300000001000000230000006F6DDDA986B725411A9E6ED19A7C57416F0D403B8AB725411A064551957C57416F1359008CB725411AFAB274927C57416FDF66E78CB725411ADACC7F917C57416FDEA6508DB725411A7F3A12917C57416F3E0D9B94B725411AC71B9E8B7C57416F3EC56073B725411AEBDB1C897C57416F3E4D7069B725411AF3BA9B8A7C57416FBEF4004CB725411A7337F38E7C57416F5A0C5849B725411A0BD94F8F7C57416F324BF846B725411A740EA38F7C57416F92563534B725411A807574917C57416FF23DD631B72541DAA180A2917C57416F52703942B72541DAB11DB1947C57416FE2A08332B72541DA056EDF957C57416FE241621FB72541DAF7DA43977C57416FA290C9F9B62541DA1F0B029A7C57416FA2DFC8D6B62541DA4D8AAA9B7C57416F5E710ED8B62541DAD8D50B9C7C57416F6E508ADCB62541DA3EFC0D9D7C57416F562ACEE2B62541DA4081299E7C57416F16BD43F3B62541DA926CBB9F7C57416F8EDF48F5B625415AFFAB07A07C57416FEEE1090BB725415A77965EA17C57416F8EE8331EB725415A0A5987A17C57416F1E7A3626B725415A44D3C8A17C57416FBE89522CB725415A441A4CA27C57416F1EA0BD40B725415AA01B42A47C57416F5E0A6C59B725415A126200A57C57416F6E7A6D64B725415A57BE56A57C57416F8ECF8A81B725415A96457CA47C57416F86393C84B725415ACC93CDA37C57416F66E2B989B725415AAA8332A27C57416FFA9F9187B725415A7261729C7C57416F6DDDA986B725411A9E6ED19A7C5741
66366000AB0146,01,66366,66,0146,AB,000,"",1080.0,1,01060000206A080000010000000103000000010000000E00000047D03DD631B72541679B80A2917C57414760ADC62FB72541A78E49CA917C574147C0CFE31FB72541A77AD586927C574147A0D5E508B72541A73A2EAC937C574147602F85ECB62541A76CA005957C57414760A4D2CCB62541A7B8657B967C574147D4AE85D0B62541A7DA2964987C57414714133CD5B62541A7BEB2309B7C57414786DFC8D6B6254127478AAA9B7C5741478690C9F9B6254127190B029A7C574147C641621FB7254127F1DA43977C574147C6A08332B7254127FF6DDF957C57414736703942B7254127AB1DB1947C574147D03DD631B72541679B80A2917C5741
66366000AB0013,01,66366,66,0013,AB,000,"",248.0,1,01060000206A0800000100000001030000000100000008000000007D11F442B625414C026877427C574100BDBE8430B625414CC2B6F6407C574100AD516E27B625414C7C2936407C574100C56D5B21B625414CD03144427C57410011102B1FB625414CB51B02437C57410009438617B625414C2D2D99457C574100C907A51FB625414C526489467C5741007D11F442B625414C026877427C5741
66366000AB0011,01,66366,66,0011,AB,000,"",205.0,1,01060000206A080000010000000103000000010000000A00000083814F382FB62541DD71D1EE387C574183C1ACF024B62541DDA3966D3A7C574183BD844F27B625415D1F54C03A7C5741835D969316B625415D87F58A3D7C5741832FADFD14B625419D1F3EBC3D7C574183FF17F61EB625419D97ABBE3E7C57418385D51820B625415DA5D8EE3E7C574183A5B5ED3DB625415DED204A3B7C57418315504B35B625415DBBB1CF397C574183814F382FB62541DD71D1EE387C5741
66366000AB0010,01,66366,66,0010,AB,000,"",5.0,1,01060000206A08000001000000010300000001000000050000000C0A3D4307B625413D95D3823E7C57410CAE53C609B62541BDB44D213E7C57410CA2578F0DB62541BD3582893E7C57410C328D8E0AB625413D8D4ED73E7C57410C0A3D4307B625413D95D3823E7C5741
66366000AB0009,01,66366,66,0009,AB,000,"",328.0,1,01060000206A080000010000000103000000010000000E0000000DA0322BFAB52541A42CB2323D7C57410D603CCA24B62541A44416F7367C57410D50B3962DB62541A47CAB0C387C57410D90A3092BB625412431E56E387C57410D604F382FB625412474D1EE387C57410DA0ACF024B6254124A6966D3A7C57410D9C844F27B62541A42154C03A7C57410D3C969316B62541A489F58A3D7C57410D0EADFD14B62541E4213EBC3D7C57410D7253AE12B62541643E19053E7C57410D82578F0DB62541643A82893E7C57410D8E53C609B6254164B94D213E7C57410DEA3C4307B62541E499D3823E7C57410DA0322BFAB52541A42CB2323D7C5741
66366000AB0241,01,66366,66,0241,AB,000,A,1738.0,1,01060000206A080000010000000103000000010000000D0000008AA1A39210B72541C77F5E69287C57418A61A13024B72541C74B85DC247C57418AE1295A44B72541C7DBACF61E7C57418A41959462B72541C71BE63C197C57418A31A85E6BB72541C717889E177C57418A5945A665B72541C76855E0167C57418AB9A9194EB72541C7C8EFAE137C57418AE92B9246B72541C710B118157C57418A29167120B72541C7500A0E1C7C57418AA9BD80FEB62541C7680D38227C57418A69EC33EDB62541C748B473257C57418AB918DBFBB62541C7FA30B5267C57418AA1A39210B72541C77F5E69287C5741
66366000AB0137,01,66366,66,0137,AB,000,"",4035.0,1,01060000206A0800000100000001030000000100000019000000D607A85E6BB72541AC17889E177C5741D60791E573B72541ACB3ABB9187C5741D63718AC83B72541ACB713BE1A7C5741D6572EC493B72541ACAB0C021D7C5741D6DFAFB699B72541ACE72A2C1E7C5741D66FA17B9FB72541ACCBA9641F7C5741D69F3590A5B72541ACCBB1FE207C5741D6D3CBE6A6B72541ACD92140227C5741D63B4173ACB72541ACCD73FF257C5741D66B0B22AFB72541AC4F1CEB277C5741D6FF4B8DB1B72541ACAD4D1F297C5741D63B54C1B4B72541AC618A7C2A7C5741D6FF7690B7B72541AC2DFAC32B7C5741D64339D4B8B72541AC214E332E7C5741D6DB21F6B2B72541AC8BFD9C2F7C5741D6DB09A5A9B72541ACB1E143317C5741D6ABFDA2A2B72541AC6B616D327C5741D62B310C6BB72541ACF354952B7C5741D613F64365B72541AC4DF3D52A7C5741368E8A5265B725412C24F0D32A7C5741368EADB84DB725412CC4C79D287C5741364EA13024B725412C4885DC247C574136CE295A44B725412CD8ACF61E7C5741362E959462B725412C18E63C197C5741D607A85E6BB72541AC17889E177C5741
66366000AB0217,01,66366,66,0217,AB,000,"",18.0,1,01060000206A08000001000000010300000001000000060000006470F8CA7CB625410DC1B0D2317C574164BCA8CF7FB625410DB1D974317C5741648CDDBF72B625410D574E912F7C5741641825CD6FB625418DE0AD192F7C574164D06DE176B625418D6806E6307C57416470F8CA7CB625410DC1B0D2317C5741
66366000AB0138,01,66366,66,0138,AB,000,"",2984.0,1,01060000206A08000001000000010300000001000000100000008AA1A39210B72541C77F5E69287C57418A61A13024B72541C74B85DC247C57418AA1ADB84DB72541C7C7C79D287C57418AA18A5265B72541C727F0D32A7C57412A27F64365B725414751F3D52A7C57412AA7293D1EB7254147F1D979397C57412A87823008B72541474B71D8377C57412A67473FF5B6254147113E60367C57412AE7AF70D1B6254147A10E15347C57412A03F703D3B62541C7AF4CB6337C57412A3B15BEDAB62541C73FF34A327C57412A7B32A9F5B62541C71736692D7C57412AB32D50FDB62541C7A15EF42B7C57412AF3FFFB07B72541C7933EFB297C57412AE3282A0CB72541C7DE5436297C57418AA1A39210B72541C77F5E69287C5741
66366000AB0243,01,66366,66,0243,AB,000,A,3806.0,1,01060000206A08000001000000010300000001000000170000006470F8CA7CB625410DC1B0D2317C574164BCA8CF7FB625410DB1D974317C5741648CDDBF72B625410D574E912F7C5741641825CD6FB625418DE0AD192F7C574164586D2967B625418DACBAE62C7C574164B84D066DB625418D0775EE2B7C574164B816307EB625418DF7A7F5287C574164587BA394B625418D9B0E08257C574164D84B51A6B625418D633FF2217C574164F83008BCB625418DB704B1237C574164F80E5EE0B625418DE773B6267C574164F8FFFB07B725418D8B3EFB297C574164B82D50FDB625418D995EF42B7C5741648032A9F5B625418D0F36692D7C5741644015BEDAB625418D37F34A327C57416408F703D3B625418DA74CB6337C574164ECAF70D1B625410D990E15347C574164ACDBC0C6B62541ED2B2932347C574164AC1332A8B62541EDADAADA357C5741643C90A09CB62541ED94DA6B367C5741645286BF9AB625412DE8A194367C57416472EFEA82B625412D2459C7327C57416470F8CA7CB625410DC1B0D2317C5741
66366000AB0139,01,66366,66,0139,AB,000,"",199.0,1,01060000206A0800000100000001030000000100000007000000A4ACE22A19B7254165C0D3923A7C5741A4ACC2B809B7254165A7C20B3A7C5741A4AC077CEBB6254165B3482D397C5741A40C473FF5B62541650B3E60367C5741A42C823008B72541654571D8377C5741A44C293D1EB7254165EBD979397C5741A4ACE22A19B7254165C0D3923A7C5741
66366000AB0012,01,66366,66,0012,AB,000,"",1675.0,1,01060000206A080000010000000103000000010000001A00000007B7516E27B62541887B2936407C574107EF0E0126B62541886221E53F7C57410787D51820B6254188A2D8EE3E7C574107A7B5ED3DB6254188EA204A3B7C57410717504B35B6254188B8B1CF397C574107774F382FB625418871D1EE387C574107A7A3092BB62541882EE56E387C57410767B3962DB62541087AAB0C387C574107BFFB8032B625410821D850377C5741075F8B303CB6254108F0898B367C574107DBA92640B6254108A42315367C57410763187645B6254108CFC06F357C574107A38E0953B62541889F02CB357C574107532E4D5BB6254188E30870367C57410713078770B625418877EAF5377C57410753741878B6254188871960397C574107F322117AB625410804D899397C574107334BAC8BB625410876DD963B7C57410783F2F692B6254108724E373D7C57410703892173B6254108CEE84A3F7C574107BFD34370B62541C815C1893F7C5741071F623B5EB62541C893E7B7407C574107BF881F54B62541C85EB061417C5741077F11F442B62541C8006877427C574107BFBE8430B62541C8C0B6F6407C574107B7516E27B62541887B2936407C5741
66366000AB0140,01,66366,66,0140,AB,000,"",802.0,1,01060000206A080000010000000103000000010000000D000000A65DB2AF97B625411AB459D6367C5741A67D7231B2B625411A5CD1203B7C5741A69D7141CEB625411A52B3E4397C5741A69D7ADBDFB625419AE0AD71397C5741A60DC8E5E6B625415A1F0939397C5741A6AD077CEBB625415AB4482D397C5741A60D473FF5B625415A0C3E60367C5741A68DAF70D1B625415A9C0E15347C5741A64DDBC0C6B625413A2F2932347C5741A64D1332A8B625413AB1AADA357C5741A6DD8FA09CB625413A98DA6B367C5741A6F385BF9AB625417AEBA194367C5741A65DB2AF97B625411AB459D6367C5741
66366000AB0141,01,66366,66,0141,AB,000,"",308.0,1,01060000206A080000010000000103000000010000000A000000A65DB2AF97B625411AB459D6367C5741A67D7231B2B625411A5CD1203B7C5741A61D6D5AA6B625411A4175EB3B7C5741A6B509DAA0B625411A671E2F3C7C5741A63D560D99B625411A1C4EC33C7C5741A65DEEDE95B625419A54DFAA3C7C5741A6BDB6D08DB625419A3226493B7C5741A69D67B780B625419A841CB5397C5741A6CDA0467DB625419AE5BF42397C5741A65DB2AF97B625411AB459D6367C5741
66366000AB0211,01,66366,66,0211,AB,000,"",376.0,1,01060000206A080000010000000103000000010000000B0000006470F8CA7CB625410DC1B0D2317C57416420EFEA82B625410D2A59C7327C5741640086BF9AB625410DEEA194367C57416454B2AF97B625410DB459D6367C574164D4A0467DB625410DE4BF42397C5741647EA0B17BB625414DB3CB0E397C574164AE206473B625414DD1B58E377C574164BE72A769B625414D9168E2367C574164EEAD3A75B625414D1960A0357C5741641EF52D6BB625414D3F35F6337C57416470F8CA7CB625410DC1B0D2317C5741
66366000AB0212,01,66366,66,0212,AB,000,"",66.0,1,01060000206A08000001000000010300000001000000050000006470F8CA7CB625410DC1B0D2317C574164D06DE176B625410D6806E6307C57416490C8F563B625410DB422C5327C57416420F52D6BB625410D4035F6337C57416470F8CA7CB625410DC1B0D2317C5741
66366000AB0242,01,66366,66,0242,AB,000,A,3626.0,1,01060000206A08000001000000010300000001000000150000008AA1A39210B72541C77F5E69287C57418AC9282A0CB72541C7DA5436297C57418AD9FFFB07B72541C78F3EFB297C57418AD90E5EE0B62541C7EB73B6267C57418AD93008BCB62541C7BB04B1237C57418AB94B51A6B62541C7673FF2217C57418A3925BAD9B62541C7D7C814197C57418A3960BEEBB62541C79328FD157C57418AB965CCFFB62541C7833BA2127C57418A4950610DB72541C7D74F46107C57418A011B7013B72541C783B63D0F7C57418AA1E8581CB72541C78B0DD30D7C57418AE5271820B7254147FC69490E7C57418A85D5523AB7254147700B52117C57418A65A9194EB7254147D0EFAE137C57418A952B9246B725414718B118157C57418AD5157120B7254147580A0E1C7C57418A55BD80FEB6254147700D38227C57418A15EC33EDB625414750B473257C57418A6518DBFBB62541470231B5267C57418AA1A39210B72541C77F5E69287C5741
66366000AB0213,01,66366,66,0213,AB,000,"",78.0,1,01060000206A0800000100000001030000000100000006000000B2C272A769B62541C29168E2367C5741B292264D5DB62541C273FE06367C5741B296BA795BB62541C27DADDD357C5741B226F52D6BB62541C23D35F6337C5741B2F6AD3A75B62541C21760A0357C5741B2C272A769B62541C29168E2367C5741
66366000AB0215,01,66366,66,0215,AB,000,"",9.0,1,01060000206A08000001000000010300000001000000050000005C1925CD6FB6254175E0AD192F7C57415CE9D67964B6254175305F4C2D7C57415C07369F65B62541354C99282D7C57415C5B6D2967B6254135ABBAE62C7C57415C1925CD6FB6254175E0AD192F7C5741
66366000AB0214,01,66366,66,0214,AB,000,"",456.0,1,01060000206A080000010000000103000000010000000C0000005C1925CD6FB6254175E0AD192F7C57415CE9D67964B6254175305F4C2D7C57415CC9801758B625417520CED62E7C57415CA9940643B62541751CC49C317C57415C7381FE44B6254175010456327C57415CA3090750B6254175298A42347C57415CDBEF7957B62541754D7886357C57415C97BA795BB62541757AADDD357C57415C27F52D6BB62541753A35F6337C57415C97C8F563B6254175AE22C5327C57415CD76DE176B62541756206E6307C57415C1925CD6FB6254175E0AD192F7C5741
66366000AB0145,01,66366,66,0145,AB,000,"",6180.0,1,01060000206A080000010000000103000000010000002400000061CFE8581CB72541D0840DD30D7C574161FF33C514B72541D02F8AE40C7C5741611F1E8E0BB72541D0F589D10B7C5741617F7AD105B72541D041A9FB0A7C574161AF82D8F8B62541D01F1D04097C57416197FAE8F5B62541D0BE6CAE087C574161EB315FF2B625416CAE1BB2087C574161E3D73AEDB62541EC1533F5087C57416193AC12E1B62541ECBF9A1C0A7C574161C3BEF9D9B62541EC887FE50A7C5741612335DBC9B62541EC3416040D7C574161C35ACCB3B62541EC70A11D107C57416193F8EDA4B62541EC6C0269127C5741615358E894B62541EC18072E157C5741613337A279B62541EC98E4121A7C57416173C9EA62B62541EC38984A1E7C57416173FC1B4EB62541ECA88EAA217C574161D3A2183EB62541ECAC9D34247C57416133139233B62541ECE8BEBC257C574161C3F9B426B62541ECE67695277C5741610336723BB62541ECF6B9CD2E7C574161A3940643B62541EC22C49C317C574161C3801758B62541EC26CED62E7C574161E3D67964B62541EC365F4C2D7C57416101369F65B62541AC5299282D7C574161556D2967B62541ACB1BAE62C7C574161B54D066DB62541AC0C75EE2B7C574161B516307EB62541ACFCA7F5287C574161557BA394B62541ACA00E08257C574161D54B51A6B62541AC683FF2217C5741615525BAD9B62541ACD8C814197C5741615560BEEBB62541AC9428FD157C574161D565CCFFB62541AC843BA2127C5741616550610DB72541ACD84F46107C5741611D1B7013B72541AC84B63D0F7C574161CFE8581CB72541D0840DD30D7C5741
66366000AB0005,01,66366,66,0005,AB,000,"",126.0,1,01060000206A0800000100000001030000000100000007000000ED443C1F27B625414F3625D5317C5741EDC4DA0B05B625414F7E54D22B7C5741EDA8FF1008B62541CF2D95822B7C5741EDD8423B0CB62541CF5A6C0E2B7C5741ED18CCA92CB62541CF3A865D317C5741ED2425AC29B625414F045D99317C5741ED443C1F27B625414F3625D5317C5741
66366000AB0020,01,66366,66,0020,AB,000,"",847.0,1,01060000206A080000010000000103000000010000000D000000948EB1B775B525412B7B3BE5547C5741942E1F1669B525412B3A38C0547C5741943ED75D5EB525418B2226A1547C5741944AC02B5BB525418B424EF2587C57419480AB8359B525418BAE72EE5A7C574194FC48975BB525418B22BCD35B7C5741949445375DB525418B1B414A5C7C5741942CFA1F61B525410B80D3B45C7C5741948C13D175B525410B19CF6F5D7C574194CCEA1988B525410BE7ED0D5E7C57419428FD3D8BB525410B833A785B7C574194B8C2D092B525410BDBA236557C5741948EB1B775B525412B7B3BE5547C5741
66366000AB0022,01,66366,66,0022,AB,000,"",1028.0,1,01060000206A080000010000000103000000010000000D0000001EE27865C7B52541E343F523607C57411EDA2D85C9B52541E3EF5A295D7C57411E3A1D09CBB52541E36BB6055B7C57411EF6A7EDCEB52541E30B09F0557C57411E22BC9DD0B52541E3278DA0537C57411E5AC6E4D2B52541E3ABF66D507C57411E060175D3B52541E39465E14F7C57411E34BB82D4B52541E3A6ADD94E7C57411EAAFD8ED5B52541E39F05024E7C57411E6A9D25EAB52541E30F44604E7C57411EA02EB6E9B52541E34F74D7607C57411EA0C6A0C9B52541E3ECD836607C57411EE27865C7B52541E343F523607C5741
66366000AB0016,01,66366,66,0016,AB,000,"",1112.0,1,01060000206A080000010000000103000000020000000B000000E6C1D50E1BB62541847CC009477C5741E6915C1E10B62541848D0FE1477C5741E6119000D0B5254184CA81AC487C5741E6513FB2C1B5254184FAC7CC487C5741E671455DB5B525410462A201497C5741E6E1CDC4ACB52541A4A79417497C5741E60145B3B5B52541A41F87D9447C5741E6F1B376BEB52541A46F3EB0407C5741E6F121D4F8B52541A4AFE603437C5741E6F1820306B62541A4A70482447C5741E6C1D50E1BB62541847CC009477C574105000000C7FC8098FCB525413B09E744477C5741C714F73701B62541FBF38736477C5741C76765E401B62541FB3620DA477C5741C767BFE0FCB52541CBC26DE1477C5741C7FC8098FCB525413B09E744477C5741
66366000AB0017,01,66366,66,0017,AB,000,"",137.0,1,01060000206A080000010000000103000000010000000600000076ABFD8ED5B5254150A305024E7C5741766B9D25EAB52541501344604E7C5741B64B113FEAB52541507B5A6E4A7C5741B68B7FCDDEB52541D08B1F814A7C5741B60B8BDDD9B52541F8D361864A7C574176ABFD8ED5B5254150A305024E7C5741
66366000AB0074,01,66366,66,0074,AB,000,"",624.0,1,01060000206A080000010000000103000000010000000B00000099D064B9D7B7254119AA3E50617C574199809C70DDB7254199DD7B2F617C574199A81A11DFB7254119D4DB25617C574199E83DC509B825411958945E5F7C57419938B88C03B8254119D818645B7C574199A865B8F9B72541991868175B7C57419928569FE7B7254199A6797D5A7C57419988A7EACBB72541991D99A4597C574199082ACAD4B72541995D1C6A5F7C5741992EE05FD6B72541996DEE6E607C574199D064B9D7B7254119AA3E50617C5741
66366000AB0240,01,66366,66,0240,AB,000,"",16.0,1,01060000206A08000001000000010300000001000000050000004756666E0EB72541A18B144B5D7C574147D61D682EB72541A1931CB75A7C574147367E202FB72541A115CCA95A7C574147D64BB411B72541A189C4AB5D7C57414756666E0EB72541A18B144B5D7C5741
66366000AB0239,01,66366,66,0239,AB,000,"",1372.0,1,01060000206A080000010000000103000000010000000F0000001F3B7E202FB72541F914CCA95A7C57411FD73F7031B72541B938D97B5A7C57411F17F6C853B72541B91077D3577C57411F972D6771B72541B95CAC69557C57411F071E2976B72541B92569A5557C57411F47A7AC92B72541B92B1838577C57411FEFD77598B72541398F6C85577C57411F9B4D6F9BB72541398BC3EF5A7C57411F1B9A8D8BB7254139A36C885B7C57411F5B391666B72541392FA1EF5C7C57411F1BB34945B72541396983245E7C57411F9B636520B725413967CA7A5F7C57411F0355D518B72541399C987B5E7C57411FD34BB411B725413989C4AB5D7C57411F3B7E202FB72541F914CCA95A7C5741
66366000AB0067,01,66366,66,0067,AB,000,"",1870.0,1,01060000206A080000010000000103000000010000001100000089ADAD7D74B82541123EA88F8B7C5741891DA9EA6EB82541125EC670827C5741093FF9AE6EB825419298D50D827C5741091926CB6CB8254192C0149D7B7C574109796A3786B8254192889DEE797C574189114F0A86B8254152C45FCA797C574189A196D480B82541528C9E40777C5741890150387CB825415200D0E9747C57418994AA967BB8254152820ABC747C57418914534260B825415202673C797C57418914DE9245B8254152B8D4377B7C574189B440A249B8254152F03C1F817C574189B4FE203FB82541D200CFEF807C5741894267123EB82541D2E01512837C574189E2219F39B82541D210DCBD8A7C57418922F41F65B82541D214FD558B7C574189ADAD7D74B82541123EA88F8B7C5741
66366000AB0070,01,66366,66,0070,AB,000,"",1963.0,1,01060000206A080000010000000103000000010000000B000000E3270C0FD6B72541423914286F7C5741E3278252EAB7254142F92A76787C5741E3671F0BF7B725414251FF647E7C5741E3773768FBB725414292683D7E7C5741E37743FD36B82541426C5A117D7C5741E3D790C726B8254142EC2266707C5741E73D0FC726B825419AAEDB64707C5741E7BDEF2111B825415ABD474A707C5741E7DD258C08B825418A9F2C40707C5741E7DDE6C2EBB725414A150C1D707C5741E3270C0FD6B72541423914286F7C5741
66366000AB0198,01,66366,66,0198,AB,000,"",41.0,1,01060000206A08000001000000010300000001000000050000007E3D5BA747B72541011FB9E3737C57417EFD858269B72541012527C6727C57417E39F4E367B7254101B1622C727C57417E39BAE246B725410166DA29737C57417E3D5BA747B72541011FB9E3737C5741
66366000AB0078,01,66366,66,0078,AB,000,"",233.0,1,01060000206A08000001000000010300000001000000070000008359D7F263B725416271FFB06E7C57418319D41799B7254162B9A7206C7C574183E9967995B7254162E57B5F6A7C574183690B4C69B725416279C3F76B7C57418361B09A62B72541626AFB346C7C574183AB0E4663B7254162AA1A676E7C57418359D7F263B725416271FFB06E7C5741
66366000AB0069,01,66366,66,0069,AB,000,"",1487.0,1,01060000206A080000010000000103000000010000000E000000E99A43FD36B82541306D5A117D7C5741E99A3768FBB725413093683D7E7C5741E98A1F0BF7B725413052FF647E7C5741E98A2E8FECB7254130BE69C47E7C5741E98A5890FEB7254130F66E44827C5741E94AFED407B8254130520015847C5741E9FA7A0E0FB8254130564D3F867C5741E9B0CBF910B8254130BE51D4897C5741E9C0A50116B8254130A411358B7C5741E9C0160829B82541B0A314EA8A7C5741E9E0219F39B82541F016DCBD8A7C5741E94067123EB82541F0E61512837C5741E9B2FE203FB82541F006CFEF807C5741E99A43FD36B82541306D5A117D7C5741
66366000AB0079,01,66366,66,0079,AB,000,"",22.0,1,01060000206A0800000100000001030000000100000008000000DC6BB09A62B725410A6AFB346C7C5741DCEFA77762B725410AACB2B56B7C57419C02ED5C62B72541EA0E08996B7C57419CBD258861B72541EA1F71A96A7C57419C8D1C9067B725418AC36E926A7C57419C6517BE68B725418A943C876B7C57419C700B4C69B725418A79C3F76B7C5741DC6BB09A62B725410A6AFB346C7C5741
66366000AB0080,01,66366,66,0080,AB,000,"",279.0,1,01060000206A08000001000000010300000001000000090000003DBD258861B72541BD1F71A96A7C57413D9B7E0F60B72541BD5117F8687C57413D5B6A2B90B72541BDCBD0BE677C57413D6359D593B72541BDA59290697C57413DD5967995B72541BDE37B5F6A7C57413D550B4C69B72541BD77C3F76B7C57413D4A17BE68B72541BD923C876B7C57413D721C9067B72541BDC16E926A7C57413DBD258861B72541BD1F71A96A7C5741
66366000AB0077,01,66366,66,0077,AB,000,"",4978.0,1,01060000206A080000010000000103000000010000001B000000E3270C0FD6B72541423914286F7C5741E3278252EAB7254142F92A76787C5741E3671F0BF7B725414251FF647E7C5741E3672E8FECB7254142BD69C47E7C574143309773ECB72541BA4675BF7E7C574143F0F43DCFB72541BAE4489D7F7C5741437042D0AFB72541BA5C587D807C57414350088594B72541BA84CF3B7C7C5741434053348AB72541BAFA378E7A7C574143E0864177B72541BA120995757C5741437040816DB72541BA1A32A6727C5741431EA4F76BB72541BA7D940D727C5741432ACFF768B72541BAE57AE6707C5741434AD7F263B72541BA6DFFB06E7C5741430AD41799B72541BAB5A7206C7C574143DA967995B72541BAE17B5F6A7C5741436859D593B72541BAA39290697C574143606A2B90B72541BAC9D0BE677C574143E873E78DB72541BAE329A0667C57414384FF478AB72541BA77FBCE647C574143F0B3C986B72541BA27D110637C57414370A0F3B4B72541BA783516627C574143F04BFEBCB72541FA21B7EA617C574143FCAD3BBFB72541FA61E2BA637C5741435CCE51CCB72541FA89ED7B6A7C5741430C5F3FD4B72541FA9107536E7C5741E3270C0FD6B72541423914286F7C5741
66366000AB0083,01,66366,66,0083,AB,000,"",1637.0,1,01060000206A080000010000000103000000010000000D00000053AF4D6F9BB72541298CC3EF5A7C5741532F9A8D8BB7254129A46C885B7C5741536F391666B725412930A1EF5C7C5741532FB34945B72541296A83245E7C574153AF636520B725412968CA7A5F7C574153EFA25741B72541290886B0627C5741532FCA0559B7254129BF0448637C57415387C06160B7254129F84F35637C57415307B4C986B72541E928D110637C57415387A0F3B4B72541E9793516627C5741539F5CF0AEB72541E981C2445D7C574153FB3BF6AAB72541E955DE5A5A7C574153AF4D6F9BB72541298CC3EF5A7C5741
66366000AB0081,01,66366,66,0081,AB,000,"",288.0,1,01060000206A0800000100000001030000000100000007000000316D6A2B90B725415ACCD0BE677C574131F573E78DB725415AE629A0667C57413191FF478AB725415A7AFBCE647C57413151DB8D5CB725415AB4DFFA657C57413101C3B05EB725415AC64D6E677C574131977E0F60B725415A5217F8687C5741316D6A2B90B725415ACCD0BE677C5741
66366000AB0197,01,66366,66,0197,AB,000,"",146.0,1,01060000206A080000010000000103000000010000000C0000007E3D5BA747B72541011FB9E3737C57417E30BED746B72541B92F22EA737C57417E2CE3DE42B7254139F9F90B747C57417ED84D9841B72541397FFDE5727C57417E48111236B7254139AF3D536A7C57417EE0217230B7254139D7FE21667C57417EC08F9835B725414925EA17667C57417EA0B8FE39B725414929665D697C57417EF8477740B7254149994B3A6E7C57417E20850B46B725414971F45A727C57417E59BAE246B725414970DA29737C57417E3D5BA747B72541011FB9E3737C5741
66366000AB0174,01,66366,66,0174,AB,000,"",858.0,1,01060000206A080000010000000103000000010000000F00000065C68F9835B725415620EA17667C574165A6B8FE39B725415624665D697C574165FE477740B7254156944B3A6E7C57416526850B46B72541566CF45A727C5741655FBAE246B72541566BDA29737C5741655FF4E367B7254156B6622C727C574165FD5D6866B7254156344B9D717C574165ED33495FB7254156349EB26E7C574165A718B85DB72541564C5F256B7C574165C312575BB7254156F48EAD687C574165FF430058B7254156F8F690667C574165A7807B55B7254156961D50657C57416547E0B044B7254156D3FBEF657C57416577161A3DB72541B6007609667C574165C68F9835B725415620EA17667C5741
66366000AB0176,01,66366,66,0176,AB,000,"",148.0,1,01060000206A0800000100000001030000000100000019000000DC6BB09A62B725410A6AFB346C7C5741DCB50E4663B725410AAA1A676E7C5741DC59D7F263B725410A70FFB06E7C5741DC39CFF768B725410AE87AE6707C5741DC2DA4F76BB725410A80940D727C5741DC55F4E367B725414AB0622C727C5741DCF35D6866B725414A2E4B9D717C5741DCE333495FB725414A2E9EB26E7C5741DC9D18B85DB725414A465F256B7C5741DCB912575BB725414AEE8EAD687C5741DCF5430058B725414AF2F690667C5741DC9D807B55B725414A901D50657C5741DC3DE0B044B725414ACDFBEF657C5741DC6D161A3DB72541AAFA7509667C5741DCCD8F9835B725414A1CEA17667C5741DCDB17F134B72541CA37BB9A657C5741DC5BE53543B725410AAF4089657C5741DCFBD2705AB725410A615489647C5741DC53DB8D5CB725410AAFDFFA657C5741DC03C3B05EB725410AC14D6E677C5741DC997E0F60B725410A4D17F8687C5741DCBB258861B725410A1B71A96A7C5741DC00ED5C62B725410A0A08996B7C57411CEEA77762B725412AA7B2B56B7C5741DC6BB09A62B725410A6AFB346C7C5741
66366000AB0210,01,66366,66,0210,AB,000,"",150.0,1,01060000206A080000010000000103000000010000000A000000078CCC58E1B62541C944D697607C574107447025DAB62541C9FCC075607C574107989433D7B62541A99FD667607C57410738747CD0B6254149A9D448607C574107DC25FCCDB625410912F62F607C574107CC104DCBB6254109F497D7607C574107040769C3B6254109E80FC2627C574107444B65DBB625410920F8F7637C574107F05729DFB6254109D0A5B2617C5741078CCC58E1B62541C944D697607C5741
66366000AB0082,01,66366,66,0082,AB,000,"",211.0,1,01060000206A08000001000000010300000001000000070000000292FF478AB72541EF78FBCE647C574102FEB3C986B72541EF28D110637C5741027EC06160B725412FF84F35637C57410226CA0559B725412FBF0448637C57410200D3705AB725412F655489647C57410258DB8D5CB725412FB3DFFA657C57410292FF478AB72541EF78FBCE647C5741
66366000AB0093,01,66366,66,0093,AB,000,"",1563.0,1,01060000206A0800000100000001030000000100000019000000F3344B65DBB62541931EF8F7637C5741F3E05729DFB6254193CEA5B2617C5741F38CCC58E1B625419342D697607C5741F39229C1DFB6254193D823B25E7C5741F3E8CC46DFB6254193927C185E7C5741F3D0CABDE1B6254193FF508E5E7C5741F3642801E5B6254193EE52295F7C5741F3900010E6B625415323174E5F7C5741F3E01738EFB62541534381425E7C5741F3E076F6FFB625415383075A5C7C5741F360666E0EB725415389144B5D7C5741F3E04BB411B725415388C4AB5D7C5741F31055D518B72541539B987B5E7C5741F3A8636520B725415366CA7A5F7C5741F3E8A25741B72541530686B0627C5741F328CA0559B7254153BD0448637C5741F302D3705AB7254153635489647C5741F362E53543B7254153B14089657C5741F3E217F134B72541133ABB9A657C5741F38296A223B72541B3BDBDAF657C5741F3C27FC8F9B62541B35B277B667C5741F3C2EA07DDB62541B3C45DE2667C5741F31A3251D6B62541CB0B44DE667C5741F3CA63A7D9B62541CB6DD307657C5741F3344B65DBB62541931EF8F7637C5741
66366000AB0182,01,66366,66,0182,AB,000,"",63.0,1,01060000206A08000001000000010300000001000000090000002EDA25FCCDB625411312F62F607C57412ECA104DCBB6254113F497D7607C57412E020769C3B6254113E80FC2627C57412E627E4DBFB6254153BC578C627C57412E62B402B9B62541D382543B627C57412E4C6210BAB62541D3768F02627C57412E8CADF1C0B62541D3BA875F607C57412E10D86EC3B62541D37439C85F7C57412EDA25FCCDB625411312F62F607C5741
66366000AB0209,01,66366,66,0209,AB,000,"",153.0,1,01060000206A080000010000000103000000010000000A000000F3344B65DBB62541931EF8F7637C5741F3CA63A7D9B62541936ED307657C5741F31A3251D6B62541930C44DE667C5741F3BADD17D4B625415FD24DDD667C5741F32AF61EC7B625415FAB7F1C667C5741F3E42D6BC5B625415F7F84FF647C5741F3E4A75FB9B625415F56A35C647C5741F3647E4DBFB625415FBC578C627C5741F3040769C3B625411FE80FC2627C5741F3344B65DBB62541931EF8F7637C5741
66366000AB0023,01,66366,66,0023,AB,000,"",2750.0,1,01060000206A080000010000000103000000010000000E00000018962EB6E9B525411C5674D7607C574118966FC803B625411CC0805A617C574118D656522EB625411CFD3524627C5741182E784C33B625411CC447AA617C5741186E358C2BB625411CA4C27D5B7C574118BEBFA426B625411CB44866577C5741182E8EBF20B625411C9C6B2E537C5741189ECE6C1AB625411CEC20974E7C57411806272B17B625411CFC72834A7C574118367DE210B625411CA035DD497C574118B6A428EFB525411C2BEE654A7C57411826113FEAB525415C735A6E4A7C5741D8459D25EAB525415C0B44604E7C574118962EB6E9B525411C5674D7607C5741
66366000AB0097,01,66366,66,0097,AB,000,"",32.0,1,01060000206A08000001000000010300000001000000070000008660B402B9B62541F681543B627C574186BCC3D3B7B625413675B67A627C574186C41EC5B1B625413623DE5C637C57418652FB0DB3B6254136DE2E07647C574186DAA75FB9B625413656A35C647C5741865A7E4DBFB6254136BC578C627C57418660B402B9B62541F681543B627C5741
66366000AB0068,01,66366,66,0068,AB,000,"",1033.0,1,01060000206A080000010000000103000000010000000D00000089ADAD7D74B82541123EA88F8B7C574189FDF31F65B82541D219FD558B7C574189BD219F39B82541D215DCBD8A7C5741899D160829B8254192A214EA8A7C5741899DA50116B8254112A311358B7C574189AD73421BB8254112CF33A48C7C5741894D05022AB8254112C31C0F907C5741898DFA9F5CB82541126BB005917C5741898D78E571B8254112A4D6E6917C574189BD7BD87CB8254192B07A59927C574189ADC1E87EB8254152442381927C5741896DF93E76B82541523C71F88D7C574189ADAD7D74B82541123EA88F8B7C5741
66366000AB0065,01,66366,66,0065,AB,000,"",1587.0,1,01060000206A080000010000000103000000010000000E000000B71DA9EA6EB82541CA62C670827C5741B7ADAD7D74B82541CA42A88F8B7C5741B78DF93E76B82541CA3E71F88D7C5741B7CDC1E87EB82541CA462381927C5741B715ECAA85B82541CA4F7954927C5741B79565A4A9B82541CA8482E9917C5741B775C898B9B825414A86184F927C5741B7958FE8AFB825414A26A4258C7C5741B7F527BCA1B825414AECDD958A7C5741B7B590969AB825414A544871867C5741B73D087C95B825414A4C93D1837C5741B7E70E2E94B825414A964A27837C5741B7BF2E5791B825414A42B371817C5741B71DA9EA6EB82541CA62C670827C5741
66366000AB0072,01,66366,66,0072,AB,000,"",2897.0,1,01060000206A08000001000000010300000001000000160000007FB061030BB82541041F7859667C57417FD8EF2111B8254104BF474A707C57417F580FC726B8254144B0DB64707C57417BF290C726B82541ECED2266707C57417B72924756B82541EC6666EC707C57417B92DC946BB82541ECB70A2C717C57417BEC65D669B825416C632AC3707C57417B8C150C5FB825416C2BDBB86C7C57417B44D88058B825416CABF6266A7C57417BB439EB51B825416C130578667C57417BECE9764FB825416C4BDE5D647C57417BA447784BB825416CD78599607C57417B14D8EA47B825416CE3A2645D7C57417B04C51B41B82541AC1FFE2F5D7C57417B84143E2EB82541AC63539E5C7C57417B4406330DB82541AC7412B15B7C57417B64B88C03B825412CCE18645B7C57417B143EC509B825412C4E945E5F7C57417B6C93A80CB825412CC618A8617C57417BB8245E0FB825412C9ED3B1637C57417BDC6C4512B825412C0A331F667C57417FB061030BB82541041F7859667C5741
66366000AB0238,01,66366,66,0238,AB,000,"",99.0,1,01060000206A080000010000000103000000010000000600000053AF4D6F9BB72541298CC3EF5A7C574153DF3BF6AAB72541295BDE5A5A7C5741533F2F42B1B72541297303C3587C5741537F8455ACB72541E99FDE8F587C574153FFD77598B72541E98D6C85577C574153AF4D6F9BB72541298CC3EF5A7C5741
66366000AB0075,01,66366,66,0075,AB,000,"",587.0,1,01060000206A080000010000000103000000010000000B0000008A8EA7EACBB72541311C99A4597C57418A0E2ACAD4B72541315C1C6A5F7C57418A34E05FD6B72541316CEE6E607C57418ACE64B9D7B7254131A63E50617C57418AEE4BFEBCB72541311FB7EA617C57418A6EA0F3B4B72541F1753516627C57418A865CF0AEB72541F17DC2445D7C57418AE23BF6AAB72541F151DE5A5A7C57418A422F42B1B72541F16903C3587C57418A0270BBB6B72541F1BCB1FB587C57418A8EA7EACBB72541311C99A4597C5741
66366000AB0007,01,66366,66,0007,AB,000,"",467.0,1,01060000206A080000010000000103000000010000000F000000416C187645B625414CD0C06F357C5741410012F942B625414C14CA18337C57414128F4133BB625414C80FF3F307C57414138CCA92CB625414C3A865D317C5741414425AC29B62541CC035D99317C574141403C1F27B62541CC3625D5317C574141AC61CC23B62541CC8CCF22327C5741416C950A0FB62541CCCC2E46347C5741412CD61218B62541CC965D64357C5741416C3CCA24B62541CC4416F7367C5741415CB3962DB62541CC7CAB0C387C574141B4FB8032B62541CC23D850377C574141548B303CB62541CCF2898B367C574141D0A92640B62541CCA62315367C5741416C187645B625414CD0C06F357C5741
66366000AB0006,01,66366,66,0006,AB,000,"",390.0,1,01060000206A080000010000000103000000010000000B00000007DE423B0CB62541DB576C0E2B7C57410706A9340FB62541DB81E7BA2A7C57410746921716B62541DBDB36C4297C574107069D201EB62541DB2DABAB287C5741078EEEB723B62541DB0BAAF9277C574107DE9C6E2EB62541DB377DB82B7C574107FE569E35B62541DB175E722E7C574107B230DC38B62541DB19EC732F7C5741072AF4133BB62541DB7DFF3F307C5741073ACCA92CB62541DB37865D317C574107DE423B0CB62541DB576C0E2B7C5741
66366000AB0136,01,66366,66,0136,AB,000,"",3150.0,1,01060000206A0800000100000001030000000100000012000000F307F64365B725411251F3D52A7C5741F31F310C6BB7254112F754952B7C5741F39FFDA2A2B72541126F616D327C5741F327CCDA9AB72541125505DC337C5741F3C7B5E593B72541122F4D19357C5741F31B16D690B7254112412FA9357C5741F33B197488B7254112AD6C41387C5741F3DBA78074B72541122DDD253E7C5741F3B33DEB6CB7254112BD992E407C5741F3FB77D868B7254112EDB92B417C5741F32B0F5D60B725411236B3D8417C5741F34B78D258B72541126A9E82417C5741F3FB6D2050B7254112722A55407C5741F3ABD9B145B7254112544A1E3F7C5741F35B590136B725411208C7103D7C5741F39BE22A19B7254112C0D3923A7C5741F343293D1EB7254112ECD979397C5741F307F64365B725411251F3D52A7C5741
66366000AB0060,01,66366,66,0060,AB,000,"",1842.0,1,01060000206A080000010000000103000000010000000D0000005182138BCEB92541D5AC26C8867C574151825F1CA8B92541D57A337E857C574151F2CC66A0B92541D5DE1230857C57415192430797B92541D54EC4C08B7C574151925A284BB9254135BA49D68B7C574151028E1B43B925412FE295D58B7C5741516ABFB23DB925412F72F358927C574151E8A24D3CB925412FAED393937C574151E85BECC4B925412FEEFCE28D7C574151CB1DA3C5B92541AF5E0B6A8D7C574151ADAC48C7B92541AFB65FA58A7C574151DD6497CBB92541AFC68E87887C57415182138BCEB92541D5AC26C8867C5741
66366000AB0253,01,66366,66,0253,AB,000,"",118.0,1,01060000206A080000010000000103000000010000000D000000C1140CE8E7B6254194B44D7F507C5741C1C4029EE5B62541948D2854507C5741C12CAC67EDB6254194D774B54E7C5741C1BA1284EDB6254194A883AF4E7C5741C126EE74F1B62541544603E14E7C5741C11630EEFBB625415483C8634F7C5741C1461D57FFB6254154597CBF4E7C5741C16EF75006B7254154E624604F7C5741C13E591AFDB6254154E80F23517C5741C1B625F9F8B6254154B3C1FB517C5741C1B6B309F0B6254154BBEB5C517C5741C1BC91D1F0B62541546C1129517C5741C1140CE8E7B6254194B44D7F507C5741
66366000AB0058,01,66366,66,0058,AB,000,"",4538.0,1,01060000206A080000010000000103000000010000001A0000005AC8C1E87EB8254198452381927C57415A10ECAA85B82541984E7954927C57415A9065A4A9B82541988382E9917C57415A70C898B9B825411885184F927C57415AF0A46BE7B82541985D07BF927C57415A30D30726B925419808D95A937C57415A10A34D3CB9254158AAD393937C57415AFC436F39B925415876D1BC957C57415AA24F9537B9254158DA56FA967C57415AE292272CB9254158E266D79B7C57415AEAAC8A26B92541589253409E7C57415ABA219223B9254158C0443E9F7C57415A82A12A1DB92541586833C7A17C57415A02574105B9254158C45C83A17C57415AE27A8AFBB8254138CF2E67A17C57415A820412E7B8254138BB0B86A07C57415A02E102D5B82541387E83B79F7C57415A628B4EBDB825413830E2A89E7C57415AE2EB58ABB8254138F901E79D7C57415AE274329AB8254138F5A0109D7C57415AA2D6AB8BB8254138D3373B9C7C57415A6214CC81B8254138575495987C57415A72E6357AB8254138D3A0CE957C57415A8A4B1B73B8254138970333947C57415A4AFBE477B8254138B5EC17937C57415AC8C1E87EB8254198452381927C5741
66366000AB0250,01,66366,66,0250,AB,000,"",952.0,1,01060000206A08000001000000010300000001000000120000002BD466AB72B62541C7ECD8EB587C57412B04DC7B68B62541C73219195A7C57412BA42A2978B62541C7D6CEC65C7C57412B7C396871B62541C7B6E2495F7C57412BECCF046DB62541C7764DEE637C57412B5C939F64B62541478A97A9637C57412BEC16F458B625414728E55D637C57412BC01DAF56B625418767883F637C57412B18B32F52B6254107D191F6627C57412BD0DEDF4DB62541878B57A4627C57412BF883BA49B6254187B0E148627C57412B80DCC945B62541870D20E4617C57412BE8A31842B6254107AC4977617C57412B707CA13EB625410707C301617C57412B2C0B5F3CB62541875714A9607C57412B44560A37B62541874B22E85C7C57412B96111F35B6254187FDB48C5B7C57412BD466AB72B62541C7ECD8EB587C5741
66366000AB0002,01,66366,66,0002,AB,000,"",230.0,1,01060000206A0800000100000001030000000100000008000000F295E12CF7B52541DE4AB8CE3B7C5741F28D901AFDB52541DE7A4AA63A7C5741F2CD1A5FD4B52541DE3AD114367C5741F24D23EABFB52541DE362DC5337C5741F22D0320BCB52541DEA22D36347C5741F2C15756B8B525415ECC45B5347C5741F2013BEFE5B525415E5CC7E1397C5741F295E12CF7B52541DE4AB8CE3B7C5741
66366000AB0251,01,66366,66,0251,AB,000,"",30.0,1,01060000206A080000010000000103000000010000000E000000332F0B5F3CB62541775B14A9607C574133737CA13EB62541F70AC301617C574133EBA31842B62541F7AF4977617C57413383DCC945B62541771120E4617C574133FB83BA49B6254177B4E148627C574133D3DEDF4DB62541778F57A4627C5741331BB32F52B62541F7D491F6627C574133C31DAF56B62541776B883F637C574133EF16F458B62541372CE55D637C5741331F86BC4CB62541B788F00D637C574133EF94DB45B62541F7E2FFD2627C574133F724A13FB62541F7930603627C574133ABDC7C3CB62541F7E599C0607C5741332F0B5F3CB62541775B14A9607C5741
66366000AB0258,01,66366,66,0258,AB,000,"",4128.0,1,01060000206A08000001000000010300000001000000270000000DA0322BFAB52541A42CB2323D7C57410D103D4307B62541A494D3823E7C57410D3C8D8E0AB62541A48C4ED73E7C57410DAC578F0DB62541243582893E7C57410D9C53AE12B62541243919053E7C57410D38ADFD14B62541A41C3EBC3D7C57410D0818F61EB62541A494ABBE3E7C57410D8ED51820B6254164A2D8EE3E7C57410DF60E0126B62541646221E53F7C57410DBE516E27B62541647B2936407C57410DD66D5B21B6254164CF3144427C57410D22102B1FB6254164B41B02437C57410D1A438617B62541642C2D99457C57410DDA07A51FB6254164516489467C57410DBAA6DA1BB62541E41CC1F9467C57410DC6D50E1BB62541A47CC009477C57410D26830306B62541A4AC0482447C57410D2622D4F8B52541A4B4E603437C57410D26B476BEB52541A4743EB0407C57410D3645B3B5B52541A42487D9447C57410D16CEC4ACB52541A4AC9417497C57410DD65B1F94B52541A403E558497C57410D565A1665B52541A47B07FF497C57410DD62D935FB52541A4678679497C57410D6AEF9D62B52541A4279FE4467C57410DD6E9A264B52541A4255592457C57410D2E75CB69B52541A4219FEC427C57410D3E2F556DB52541A4FF7B71417C57410D1A321271B52541A4990251407C57410DBA96F97AB52541A45D2EEC3D7C57410D2EFE6C7EB52541A4A875483D7C57410D8E67308EB52541A45834C53A7C57410DCEBFBDA2B52541A414ECA8377C57410D0EB5FCB4B52541A4049425357C57410D0E5856B8B5254124CE45B5347C57410D4E3BEFE5B52541245EC7E1397C57410DAEE12CF7B525412454B8CE3B7C57410DE26AA4F3B525412438EB8A3C7C57410DA0322BFAB52541A42CB2323D7C5741
66366000AB0259,01,66366,66,0259,AB,000,"",3149.0,1,01060000206A080000010000000103000000010000001600000076ABFD8ED5B5254150A305024E7C574176038BDDD9B5254150D361864A7C574176437266BFB525415089DAA24A7C574176738E0DBBB5254150BB39AE4A7C574176838357B1B525419079DCC74A7C574176436E7D8BB525419036CD354B7C5741768333D478B5254110A0555C4B7C574161EBF5D478B52541407C405E4B7C574161A3B1B775B52541407C3BE5547C574161C3C2D092B52541C0E0A236557C57416133FD3D8BB52541C0883A785B7C574161D7EA1988B52541C0ECED0D5E7C57416137BE9A90B52541404898575E7C574161F77865C7B52541404AF523607C574161EF2D85C9B5254140F65A295D7C5741614F1D09CBB525414072B6055B7C5741610BA8EDCEB52541401209F0557C57416137BC9DD0B52541402E8DA0537C5741616FC6E4D2B5254140B2F66D507C5741611B0175D3B52541409B65E14F7C57416149BB82D4B5254140ADADD94E7C574176ABFD8ED5B5254150A305024E7C5741
